pid,bird
A01-01,"449,498,47,346,447,278,439,502,63,572,377,499,496,392,625,274,501,56,294,542,543,369,282,500,375,391,291,306,301,93,618,372,359,60,474,416,530,271,620,312"
A01-02,"499,576,500,346,47,502,85,375,449,447,543,501,294,496,542,498,377,392,391,306,372,56,93,572,618,369,620,60,69,333,483,464,92,263,309,439,274,482"
A01-03,"499,449,47,391,483,496,392,56,279,393,447,306,346,294,498,274,268,62,377,500,73,372,572,301,307,440,416,592,502,575,618,60,669,415,530,501,439,63,333,482"
A01-05,"391,449,498,502,47,543,501,572,392,499,500,306,309,496,447,369,554,346,456,294,62,69,60,63,618,439,56,312,377,453,507"
A01-07,"439,447,272,499,498,416,592,333,169,625,594,483,449,543,289,127,620,171,274,294,496,618,47,393,62,270,271,223,203,265,126,530,415,392,312,257,384,63,268,528,490,129,523,482"
A01-08,"372,447,415,499,346,449,496,272,333,271,594,47"
A01-12,"483,449,447,575,577,377,496,543,542,169,271,415,312,592,499,393,618,439,56,355,666,351,203,257,474,24,416,272,594,392,453,63,171,267,505,440,265,62,378,456,581,498,60,270,279,372,530,625,669,460,672,289,418,346,528,482"
A02-01,"502,415,490,499,447,416,449,486,498,47,346,392,92,500,294,417,612,496,312,372,391,62,501,414,309,618,369,63,377,440,306,271,575,620,73,572,345,418,530,669,483,474,85,93,60,439,576,543,453,592,274,384,480,290,482"
A02-02,"498,449,415,447,499,612,372,417,416,618,501,392,414,47,490,62,310,500,346,294,496,63,611,85,306,377,369,502,391,60,282"
A02-03,"499,498,500,372,449,447,62,501,346,416,392,496,612,415,391,414,47,369,572,618,490,502,620,271,294,377,63,309,308,417,440,625,102,333,576,399,375,66,282"
A02-05,"501,449,572,375,499,500,404,498,502,453,369,346,43,391,447,416,392,47,348,60,399,377,359,496,507"
A02-06,"612,543,496,498,47,447,575,391,129,392,268,622,309,274,170,572,669,415,416,98,449,24,102,306,499,377,178,150,271,625,440,27,173,117,312,63,632,636,439,163,546,620,169,542,267,177,17,92,265,372,346,437,500,530,279,528,333,85,123,73,442,276,505"
A02-07,"572,169,440,333,530,447,391,312,499,47,294,392,346,474,496,267,620,271,618,449,498,500,24,274,502,279,439,63,501,625"
A02-08,"447,572,56,439,496,346,294,499,47,501,392,589,620,502,50,500,306,312,274,391,449,618,498,416,372,440,530"
A03-01,"415,279,51,267,271,265,447,669,62,102,372,575,85,386,483,499,530,542,496,416,93,439,393,377,63,47,24,618,490,622,203,124,274,449,450,98,174,163,384,257,178,27,268,413,289,355,288,126,60,73,218,214,613,612,440,129,528,131,169,223,392,219,502,620,17,136,133,333,592,594,99,26,21,34,18,177,179,66,346,105,150,125,171,139,437,140,166,152,141,144,148,438,117,196,543,474,456,270,611,143,303,625,378,120,259,261,306,526,216,222,220,221,137,418,138,527,284,170,546,351,332,676,3,626,19,151,290,263,266,118,427,56,167,206,634,147,431,317,505,417,498,421,531,87,92,132,135,304,482"
A03-03,"447,439,618,392,62,496,56,372,63,271,279,449,416,102,530,268,528,612,282,516,265,274,499,351,393,98,24"
A03-07,"447,63,618,24,117,439,98,267,372,530,594,174,268,271,531,102,415,279,62,449,51,265,60,440,177,274,219,386,178,620,125,528,496,384,99,27,18,332,284"
A03-09,"618,416,498,499,43,483,572,267,415,372,447,449,346,47,439,27,24,496,502,271,377,369,500,56,542,440,274,63,530,528,279,357,73,98,594,442,93,611,625,543,268,294,482"
A03-10,"483,447,496,294,500,43,592,499,63,498,47,377,348,449,369,543,625,618,620,572,439,346,392,73,357,416,440,66,359,372,510,384,530,274,271,482"
A03-16,"346,377,24,447,439,309,449,47,98,51,391,625,500,502,618,372,274,279,271,62,375,498,371,392,294,359,496,265,333,93,499,501,102,268,528,63,56,73,34,543,43,312"
A03-18,"439,447,496,261,263,62,63,528,618,56,372,493,375,440,271,625,530,449,282,279,392,274,393,523,612,87,592"
A03-19,"439,496,279,56,372,447,449,543,271,102,393,63,7,392,265,618,530,274,98,528,612,47,268,622,375,541,546,483,499,542,384,415,386,625,416,548,346,482,6"
A03-20,"447,496,24,129,102,530,439,618,449,622,279,178,531,174,267,271,169,416,163,98,265,63,131,274,528,372,268,543,440,499,126,392,437,85,263,117,417,415,62,612,620,148,177,634,82,73,56,333,47,386,121,483,482"
A03-21,"372,447,98,265,543,63,449,51,279,618,267,93,271,274,102,439,346,24,496,392,384,528,282,622,413,453,377,56,333,416,612,613,611,62,85,530,437,129,25,625,542,60,440,529,92,386,483,474,306,620,499,268,418,442,555,415,482"
A03-22,"294,447,274,589,47,377,346,449,496,498,392,372,499,500,625,594,439,129,363,572,271,502,63,85,501,279,622,375,592"
A03-23,"618,63,265,622,98,372,449,518,531,447,439,257,271,496,102,178,62,440,612,24,274,177,528,416,386"
A04-01,"346,498,502,377,369,449,306,447,499,572,543,47,500,496,294,669,392,632,391,501,309,439,60,620,604,493,43,404,274,271"
A04-02,"500,271,502,377,346,499,359,375,447,449,498,47,85,632,392,496,63,501,93,589,391,399,333,43,102,625,274,294,372,369,404,371,69,325,348,572,622,384,517,60,416,543,508,291,92,279,620,306,439,440,592,282,320"
A04-03,"449,56,392,498,93,439,500,346,372,501,375,502,543,47,309,499,447,359,391,369,92,576,43,294,510,399,85,496,320,384,306,572,486,274,325,404,474,669,371"
A04-04,"449,501,502,346,391,572,499,369,500,498,542,532,47,392,447,483,377,496,306,294,505,415,439,484,482"
A04-05,"499,346,502,498,47,449,447,294,377,500,369,391,480,501,542,483,392,496,453,532,282,309,572,306,474,73,505,482"
A04-06,"498,294,483,572,377,392,496,56,93,346,271,622,620,669,501,499,333,449,447,47,500,391,543,98,306,502,415,63,369,589,439,279,274,60,309,611,372,69,505,265,105,530,85,542,482"
A04-09,"393,63,618,447,496,439,530,528,62,56,449,282,543,554,392,274,346,453,372,265,384,98,518"
A04-10,"372,447,528,620,618,393,496,625,56,346,498,47,392,377,449,439,63,604,499,294,530,271,391,69,60,279,572,62,399,501,500"
A04-11,"499,501,572,447,279,449,498,391,169,271,333,47,589,500,399,346,294,377,392,496,369,620,611,502,57,604,543,85,291"
A04-12,"499,498,449,500,346,501,572,502,47,392,404,369,391,43,440,447,496,85,399,274,294,375,604,620,359,60,69,73"
A04-16,"530,531,372,447,483,63,618,384,271,528,393,620,415,62,440,60,279,102,274,169,265,267,449,416,496,56,546,575,594,392,490,346,543,592,610,622,625,498,439,333,669,612,129,294,523,377,499,399,518,611,542,73,93,261,572,87,312,47,391,306,613,69,554,386,418,398,268,427,482"
A04-17,"499,346,392,502,449,377,447,47,501,294,372,393,69,498,391,496,63,60,500,528,85,306,62,612,543,618,531,274,611"
A04-18,"392,496,447,449,93,622,499,690,530,384,439,528,56,393,620,372,274,618,333,346,498,377,502,572,47,294,271,391,279,63,60,306,309,625,416,440,531,284,500,592,268,62,370,282,523,308"
A04-19,"377,502,499,449,346,447,496,543,294,498,369,392,474,391,47,500,372,439,572,532,63,274,505,501,620,56,321,306,555,530,60,528,271"
A04-20,"502,447,449,392,499,576,483,496,543,346,377,47,369,282,498,618,62,484,439,501,56,416,106,415,294,500,271,308,620,528,532,391,309,60,274,482"
A04-21,"447,543,496,449,346,392,502,499,56,306,60,498,377,611,592,63,62,618,372,47,391,294,439,271,572,528,386,501,530,274"
A04-22,"499,449,498,377,346,496,447,392,69,439,391,502,47,294,372,93,274,309,500,271,56,306,474,501,543,63,453"
A04-23,"449,499,47,532,346,496,543,392,294,447,572,500,93,439,498,502,391,453,611,604,369,483,377,575,60,348,66,542,620,393,306,62,482"
A04-24,"346,449,496,47,501,392,377,499,502,294,543,399,447,572,63,306,500,309,498,369,391,372,618,439,56,620,416,375,460,453,291,550,93,312,282,348,474,440,483,482"
A04-25,"447,439,498,496,56,346,502,449,372,499,392,377,47,369,282,294,391,592,440,618,474,393,306,543,76,63,93,399,309,284"
A04-26,"611,449,346,501,572,447,499,47,543,496,63,483,392,369,498,85,391,500,440,502,69,372,73,306,60,294,377,529,282,439,375,66,359,265,399,453,62,309,93,271,620,460,348,482"
A04-27,"63,496,618,447,572,449,392,530,620,393,439,386,499,502,56,391,92,440,528,346,274,377,611,498,62,442,372,294,518"
A04-28,"56,618,620,63,447,496,346,372,449,393,594,271,279,554,60,530,439,274,392,528,98,62,306,453,440,102,282,543,87,377,384,93,391,25"
A04-30,"447,498,346,449,439,384,392,501,271,620,372,47,391,306,499,333,496,502,369,279,63,572,500,416,415,309,98,169,267,56,268,294,276,291,274,377,69,625,612,102,60,618,375,530,265,393,440,622,611,62,604,531,386,523"
A04-31,"63,449,447,346,60,618,56,393,496,543,440,528,372,620,499,377,611,439,523,392,62,530,498,480,483,575,415,384,594,416,612,518,413,670,669,102,666,312,418,525,274,542,279,625,474,622,76,437,333,531,282,129,93,613,391,290,265,482"
A04-32,"392,391,60,496,447,449,501,102,528,333,572,543,47,500,498,377,499,502,346,620,271,294,440,372,415,369,439,279,483,274,265,594,312,320,532,169,69,589,93,306,85,482"
A04-33,"447,257,346,69,439,392,501,500,502,498,499,294,572,496,449,625,62,60,279,393,620,440,267,265,530,271,289,372,391,618,528,102,333,129,169,523,667,377,312,51,274,291,63,47,85,306,92,531,594,589,592,308,73,611,416"
A04-34,"447,496,618,377,63,439,60,346,56,449,554,392,279,98,393,282,271,309,528,372,530,25,62,625,274,523,267,333"
A04-35,"346,498,47,447,392,500,66,502,369,449,391,496,57,377,499,501,572,60,453,282,543"
A04-36,"498,502,449,47,496,391,499,346,392,447,483,377,500,501,369,453,60,543,532,93,572,348,482"
A04-37,"447,271,47,346,449,391,496,499,351,500,498,439,85,392,294,60,530,73,62,63,355"
A04-39,"500,346,498,499,447,449,392,60,47,85,502,391,274,439,507,369,572,371,43"
A04-41,"449,392,346,265,271,268,279,267,499,51,447,333,501,496,377,572,502,289,500,63,391,543,294,498,399,47,312,369,66,274,523,528,530,439,415,393,612,416,620,440,73,507,372,60,85,69,618,417,576"
A04-43,"63,393,496,618,447,439,56,392,523,98,279,271,372,62,554,274,60,282,333,449,625,530,102,346,528,375,69,384,518"
A04-44,"447,279,618,271,496,62,384,69,416,530,393,169,440,415,267,102,439,528,333,449,523,498,56,399,63,392,620,572,372,60,346,265,93,669,612,274,625,499,531,500,129,268,47,294"
A04-45,"393,279,372,271,447,265,274,392,618,56,47,440,102,530,62,333,267,129,415,416,60,51,439,528,531,499,63,449,523,625,171,169,384,612,496,93,620,346,546,294,554,592,391,669,268,399,498"
A04-46,"391,47,346,499,449,496,498,447,500,392,618,572,56,271,93,439,60,294,483,377,502,309,612,399,440,291,416,279,620,306,474,320,372,482"
A04-48,"498,447,496,620,618,499,418,62,415,271,416,333,449,56,346,530,63,613,284,417,85,372,439,279,528,60,274,392,102,98,391,490,144,612,669,414,384,393,357,73,268,265,377,542,483,543,413,93,309,440,294,523,69,622,117,51,442,306,626,531,169,174,126,437,611,554,170,502,500,178,92,592,474,47,290,99,575,482"
A04-49,"501,346,392,500,449,498,47,359,507,510,391,499,43,502,294,447,572,445,375,369,291,82,371,496,279,357,271,440,415,399,56,289,312,506,439,416,306,309,372,530,377,93,393,102,63,333,85,60,611,604,618,528,625,493,267,543,105,348,403,620,384,62,576,589,404,66,437,169"
A04-50,"447,589,449,102,572,56,279,620,294,391,346,47,496,392,271,440,333,384,528,499,63,62,60,268,625,393,483,439,530,507,312,282,372,291,265,289,169,399,309,523,498,500,306,301,611,618,93,267,178,357,355,69,501,170,444,594,274,129,531,371,482"
A04-51,"47,346,359,50,439,377,392,500,294,391,393,501,502,561,499,371,572,498,589,483,505,416,415,481,271,417,282,375,73,399,482"
A04-52,"63,496,620,447,392,56,572,294,274,169,449,333,346,98,271,279,483,393,282,528,372,625,391,440,612,542,543,592,546,267,384,93,60,47,306,69,554,530,482"
A04-53,"447,439,60,62,346,530,393,56,63,279,618,523,528,274,449,271,392,416,496,372,265,531,518,282,294,284"
A04-54,"618,530,447,393,439,528,523,449,56,279,271,531,62,346,372,496,60,392,63,274,284"
A04-55,"393,528,449,279,346,499,447,377,496,312,63,498,294,289,669,392,271,439,500,611,317,306,372,265,73,530,416,620,267,47,284,415,399,62,391,93,60,483,523,592,618,414,507,355,518,56,612,291,482"
A04-56,"447,346,572,392,618,449,47,43,391,372,85,399,530,499,496,375,63,501,312,500,271,498,359"
A04-57,"93,530,449,447,496,392,306,439,531,60,391,282,346,294,572,271,279,62,618,87,620,265,393,372,613,274,498,321,56,528,416,611,612"
A05-01,"498,391,47,449,392,502,369,346,499,501,399,500,69,447,377,507,576,453,577,543,105,572,320,43,309,282,575,294,85,73,474,480,510,321,551,496,440,439,93,359,445,604,483,348,56,611,415,306,404,355,442,312,291,482"
A05-02,"375,510,502,346,359,500,501,369,449,572,294,399,498,499,43,371,576,404,391,69,282,392,93,348,47,511,309,306,496,481,447,278,493,66,625,377,512"
A05-04,"47,501,346,369,392,449,502,85,375,500,499,498,63,447,415,572,391,359,496,399,294,511,618,62,620,453,510,69,604,372,43,56,60,439,312"
A05-05,"589,449,502,369,498,399,333,620,359,501,508,346,391,392,296,572,499,530,43,47,576,481,375,517"
A05-06,"369,502,499,501,377,498,510,359,449,375,346,500,572,399,392,391,496"
A05-09,"392,499,375,346,449,501,500,359,369,502,294,576,399,572,391,498,333,348,510"
A05-10,"501,369,449,502,346,572,500,392,359,499,375,294,47,576,498,371,399,510,496,481"
A05-14,"346,47,447,449,498,496,500,499,502,392,294,622,510,85,359,63,501,493,391,399,282,444,312,306,355,572,440"
A05-15,"369,392,501,500,346,359,502,51,449,499,375,498,47,371,543,93,327,508,404,391,87,296,561,572,43,325,271,486,306,15,265,24,333,102,348,399,493,92,294"
A05-17,"439,416,47,447,391,392,73,440,499,500,502,369,377,359,43,501,498,346,105,449,371,375,306,625,348,496,294,620,85,66,415,321,274,60,62,63,372,282,69,309,572,669,357,399,279,271,543,611,618,508"
A05-18,"554,60,496,618,63,523,392,56,530,447,439,372,449,346,312,393,531,528"
A05-19,"346,499,498,47,449,369,447,500,85,43,391,502,392,575,73,377,481,415,543,542,483,572,517,399,501,294,482"
A05-20,"47,498,392,359,449,369,85,346,502,294,500,447,416,575,499,66,399,501,377,391,69,296"
A05-21,"447,449,500,499,346,439,572,63,496,530,490,294,47,391,392,625,501,498,60,306,369,502,321,543,399,320,377,506,372,359,528,85,309,282,69"
A07-01,"449,499,346,447,439,294,500,440,377,369,502,510,392,359,306,309,501,572,375,496,93"
A07-02,"47,510,502,499,346,369,449,375,359,500,543,392,309,576,69,440,669,50,561,498,666,406,572,57,447,306,85,496,508,43,483,294,501,532,474,542,317,291,481,348,404,377,620,355,79,105,371,482"
A07-10,"449,498,501,93,500,499,346,43,416,447,377,47,483,320,294,306,348,542,415,24,73,414,271,437,66,392,620,496,618,502,369,301,307,399,63,531,265,274,92,102,62,282,375,357,625,439,129,219,309,543,528,69,87,372,321,417,384,169,440,60,268,49,359,632,85,484,669,572,611,482"
A08-01,"450,594,272,73,439,102,618,440,274,183,620"
A08-02,"450,620,65,66,497,301,378,70"
A08-03,"450,439,92,102,289,65,594,73,384,618,440,308,543,497,272"
A08-04,"450,102,274,439,625,620,93,65,56,417,73,92,594,70"
A08-05,"450,439,65,102,73,497,66,378,92,416"
A08-06,"450,102,384,73,620,622,543,594,92"
A08-07,"450,65,497,378,322,70"
A08-08,"450,70,66,65,378,497,73,543"
A08-09,"378,450,497,70,65,66,322,336,105"
A09-01,"480,47,499,346,449,447,498,453,377,294,392,496,502,611,406,69,369,73,474,63,507,510,483,532,456,572,439,66,93,357,375,543,391,348,306,594,576,500,82,309,282,501,482"
A09-02,"309,449,447,620,440,496,498,391,392,611,377,346,499,439,502,445,85,474,369,453,505,47,294,415,554,348,543,384,612,501,351,63,618"
A09-03,"543,496,346,392,453,499,377,294,47,447,449,93,502,309,498,391,611,483,575,474,480,576,542,282,357,73,69,439,348,375,369,481,372,306,555,63,612,56,399,274,482"
A09-04,"274,372,499,449,447,62,505,415,47,392,346,612,307,268,271,439,496,63,85,377,56,416,500,294,530,618,279,60,69,498,51,333,267,289,257,572,384,386,543,306,440,501,73,391,284,102,359,98,309,418,502,351,393,348,481,483,493,93,444,576,375,625,594,43,528,611,88,484,369,265,270,482"
A09-05,"359,500,499,294,501,498,502,453,449,346,369,375,378,576,47,392,348,377,399,447,474,572,391,43,496,481,282,320,439,73,357,63,69,404,66,604,271,510"
A09-06,"498,346,47,377,447,575,499,392,502,453,449,496,369,490,73,532,415,321,294,63,102,282,85,542,306,501,274,60,62,271,391,543,56,440"
A09-08,"523,499,528,372,62,386,622,98,178,447,618,274,279,284,129,271,265,267,384,416,669,126,625,63,440,439,415,418,171,24,634,546,333,543,592,594,268,290,633,393,93,496,417,531,169,530,270,177,612,490,131,377,166,139,144,121,150,120,203,152,392,60,133,309,620,542,613,306"
A09-09,"447,439,416,415,620,496,63,386,530,618,271,625,290,372,301,274,531,413,384,279,498,178,528,546,85,393,62,440,267,622,56,449,392,525,177,289,169,524,60,499,542,523,126,634,284,93,276,612,417,265,106,98,418,219,526,355,592,129"
A09-10,"56,282,496,449,447,618,63,393,392,439,528,530,60"
A09-12,"447,449,393,554,496,63,56,518,392,282,618,93,384,439,530,440,346,528,542,312,592,523,62,372"
A09-13,"439,63,271,268,274,386,447,618,372,416,384,527,496,622,620,393,73,129,178,528,62,56,440,169,279,499,415,531,669,625,530,284,102,626,98,27,490,592,543,351,290,267,174,612,265,333,346,60,413,523,24,126,634,449,177,117,392"
A09-14,"447,415,384,496,442,271,393,98,102,416,449,611,498,620,618,333,392,499,346,56,274,268,669,625,440,622,612,60,377,502,372,391,63,47,439,85,66,73,279,490,530,294,500,306,62,369,453"
A09-15,"447,98,528,51,622,416,496,415,618,413,372,393,384,499,268,271,626,279,439,612,62,63,523,131,274,620,543,333,449,129,169,625,284,265,267,102,386,531,126,530,24,290,623,56,392,527,592"
A09-16,"271,447,618,530,279,439,622,63,496,528,274,393,62,523,267,620,284,372,499,416,490,102,440,384,415,290,219,73,117,98,51,543,386,60,306,417,612,413,169,265,449,333"
A09-17,"73,415,447,63,618,279,498,416,612,377,372,449,346,530,85,56,440,271,439,392,496,102,499,500,490,268,274,60,62,47,625,391,169,267,384,622,528,474,592,523,333,265,543,620,393,294,453,483,282,611,632,24,386,76,542,442,575,399,25,44,284,482"
A09-18,"346,500,447,499,496,618,377,47,294,449,392,372,56,62,63,498,66,416,442,439,572,501,69,530,309,502,93,60,274,612,306,391,399"
A09-19,"439,496,416,528,618,447,393,169,62,523,622,274,384,372,93,63,271,279,98,490,592,267,265,386,377,498,440,415,499,449,417,102"
A09-20,"447,56,392,618,528,496,416,415,393,384,62,63,102,271,625,129,622,440,531,543,592,265,279,98,333,73,449,498,274,372,60,346,377,612,24,51,439,530,268,294,93,267,523,490,306,15,290,546,499,25,669,301,99,355,289,284"
A09-22,"447,499,63,498,496,346,500,377,449,274,47,483,60,416,392,372,271,415,528,384,73,76,102,391,62,543,85,482"
A09-24,"449,625,530,447,618,60,496,392,63,439,386,393,274,474,490,620,483,543,279,440,333,56,372,498,62,377,525,348,346,282,271,531,453,51,592,499,93,265,306,542,384,98,594,257,546,267,294,482"
A09-25,"447,625,499,498,449,502,496,439,416,575,346,415,377,490,47,483,392,62,393,60,505,618,530,440,474,294,372,63,274,417,391,369,611,612,85,279,357,418,73,82,543,546,56,309,348,620,669,482"
A09-26,"274,372,447,62,377,449,499,496,490,439,592,509,542,384,618,528,413,63,612,85,483,73,392,386,498,415,268,309,393,169,279,530,56,346,543,416,265,622,440,98,60,554,505,271,47,418,93,575,306,482"
A09-27,"85,346,500,499,505,416,447,449,439,47,618,294,372,392,496,501,62,348,377,415,417,63,306,284,271,93,528,274"
A09-29,"528,439,618,447,496,622,62,372,392,384,271,169,265,274,102,98,530,416,279,60,129,174,449,415,267,592,612,93,440,393,531,625,620,523,284,268,669,543,483,63,282,333,309,276,595,106,131,346,117,546,417,634,56,351,377,312,482"
A09-30,"102,447,63,415,271,274,60,439,279,24,56,496,265,393,416,117,268,618,449,530,62,528,284,592,346,267,98,106,261,372,377,278,51,99,384,498,306,27,18,290,333,669,169,263,499,483,482"
A09-31,"622,439,618,528,669,163,63,274,530,393,62,447,372,384,496,279,415,416,392,523,284,592,60,542,620,440,543,527,56,437,531,271,174,73,449,129,413,444,386,346,612,93,524,24,265,219,218,575,169,499,526"
A09-32,"447,449,496,62,392,346,439,572,618,306,294,502,498,372,274,93,499,47,500,391,377,393,102,271,519,623,60,87,508,620,532,542,348,369,56,622,474"
A09-33,"415,416,447,618,63,98,56,530,284,265,528,393,27,531,62,384,496,523,271,267,279,622,439,612,274,93,102,372,24,169,594,355,163,178,595,613,669,626,121,18,490,124,268,144,174,696,483,129,620,427,543,392,270,76,282,317,437,261,668,290,312,266,532,417,60,625,126,118,26,289,177,482"
A09-35,"554,447,56,63,346,496,392,439,62,618,60,393,279,449,523,282,518,271,440,528,306,93,98,529,575,372"
A09-36,"618,346,98,63,447,392,496,279,102,333,377,554,449,499,555,669,498,543,393,439,60,612,93,530,528,274,282,169,271,56,62,306,490,391,474,446,24"
A09-37,"346,447,483,449,669,47,377,502,496,499,392,63,274,294,498,612,453,372,73,391,279,66,482"
A09-38,"271,449,447,63,499,502,501,496,500,309,56,498,294,47,346,60,392,377,274,391,530,372,548,43,62,265,282,483,85,439,482"
A09-39,"447,449,496,346,47,377,499,392,56,453,483,415,399,63,498,439,60,440,372,93,416,66,618,294,306,62,482"
A09-40,"447,98,274,271,62,384,268,416,267,279,618,393,102,528,415,372,620,106,174,496"
A09-41,"447,496,60,346,449,309,63,393,439,372,282,392,301,377,543,632,620,618,499,384"
A09-43,"392,496,447,449,499,346,498,502,289,47,348,377,333,369,63,440,391,501,309,85,93,415,505,439,500,62,284,620,294,307,306,530,372,267,271"
A09-44,"449,496,346,377,502,474,392,309,439,447,56,498,499,618,393,372,271,60,625,274,440,85,47,279,543,348,63,555,530,267,501,257,445"
A09-45,"447,618,346,56,392,504,523,439,393,528,279,530,271,496,372,282,274,267,531,63,268,62,554,449,384,98,60,620,518,25"
A09-46,"346,500,499,392,47,496,447,498,449,502,271,391,102,592,24,501,333,284,669,377,62,445,418,60,439,56,51,257,351,301,267,279,289,98,294,625,440,93,274,399,384,372,548,355,73,317,417,312,483,611,510,265,622,393,348,612,386,369,357,484,542,543,620,309,306,129,575,63,530,505,493,589,76,604,308,92,474,66,482"
A09-47,"47,346,500,369,282,499,483,66,449,501,447,63,572,377,576,496,498,502,391,392,294,399,73,440,69,589,56,274,439,60,415,510,359,393,333,482"
A09-48,"500,496,346,501,392,449,399,348,499,447,47,359,502,271,279,51,498,377,576,391,294,505,369,333,510,493,268,528,274,63,62,572,372,483,282,618,306,482"
A09-49,"447,618,62,449,496,372,392,63,309,530,416,346,271,439,274,391,47,499"
A09-50,"56,618,528,447,62,416,415,279,496,439,543,393,490,284,98,51,93,384,620,392,271,523,546,449,24,531,63,622,274,530,265,263,261,267,372,333,268,346,102,625,169,173,178,163,129,417,312,623,612,270,174,282,290,427,474,99,76,500,370,377,306,554"
A09-51,"447,502,102,496,62,47,392,399,346,449,499,498,416,415,63,618,60,57,620,528,333,372,85,274,500,393,530,271,93,391,348,294,309,543,377,439,440,56,73,592,483,384,289,622,306,371,69,625,417,66,317,531,482"
A09-52,"449,447,530,62,56,528,346,393,618,60,523,496,63,498,415,543,439,542,417,622,416,333,669,372,271,440,93,274,377,418,169,279,437,98,531,611,554,284,483,414,384,102,392,265,306,129,386,268,85,499,613,73,490,592,294,442,289,282,474,482"
A09-53,"501,500,449,498,499,47,63,271,392,496,377,447,502,618,274,265,60,62,440,346,416,369,372,279,391,384,439,528,393,85,399,357,415,386,87,102,483,375,531,348,282,93,56,572,611,530,482"
A09-54,"24,447,449,346,572,271,625,51,393,439,618,268,386,620,60,500,622,129,56,589,496,372,440,274,415,530,47,169,416,392,62,267,399,543,499,594,93,63,333,498,265,312,279,528,391,611,357,592,284,384,531"
A09-55,"447,62,530,267,618,274,268,386,393,496,56,290,372,439,51,279,265,282,415,449,271,98,490,528,416,499,622,620,440,219,99,102,543,592,312,523"
A09-56,"622,62,447,265,271,625,393,415,416,530,372,279,413,528,531,618,439,523,384,56,626,312,267,496,60,274,284,490,102,612,63,268,427,483,386,546,51,333,526,131,169,24,98,27,93,449,294,575,592,498,440,392,518,99,482"
A09-57,"98,384,279,523,447,56,62,622,413,496,530,528,449,271,284,416,526,60,333,439,415,274,27,169,265,618,498,63,531,393,99,24,121,174,178,267,499,418,261,612,392,483,669,163,51,268,34,129,289,372,592,177,611,490,474,386,30,440,543,142,294,10,102,482"
A09-58,"416,56,447,415,618,528,439,267,63,93,530,496,393,271,372,384,386,274,62,449,541,346,25,333,392,60,279,282"
A09-60,"274,447,618,372,440,413,393,279,528,62,530,63,271,499,496,169,416,594,51,449,98,612,126,333,490,284,384,290,102,415,219,439,531,592,21,27,265,267,620,171,170,270,377,73,427,179,484,669,268,317,174,47,346,622,554"
A09-61,"530,447,449,372,439,274,618,60,384,282,496,346,62,267,392,56,265,393,498,499,271,528,531,47,416,93"
A09-62,"98,271,447,669,416,415,625,63,129,372,499,267,498,449,530,265,528,523,274,60,51,284,333,618,496,384,620,440,346,102,56,483,268,531,622,99,279,393,62,439,169,392,612,261,290,131,437,386,106,490,178,475,351,482"
A09-63,"60,496,447,449,416,439,415,98,391,346,271,377,392,498,63,372,274,618,102,306,279,267,73,530"
A09-64,"528,56,63,618,393,439,496,449,447,346,294,392,62,440,372,60,271,530,284,47,274,306"
A10-01,"499,306,359,346,572,500,47,392,496,63,502,449,372,391,307,439,447,604,542,501,498,377,543,282,445,369,453,483,79,399,291,294,301,620,575,43,309,271,348,274,85,357,60,440,404,296,669,69,555,592,510,93,482"
A10-02,"502,449,445,496,359,392,399,93,501,498,346,377,47,481,414,493,611,447,499,43,500,294,306,348,505,307,375,572,369,309,510,416,63,85,271,620,69,384,60,404,57,444,440,408,406,486,576,439"
A10-03,"359,346,47,502,392,499,500,572,404,449,369,501,605,69,375,391,371,399,348,282,498,43,510,576,66,453,85,507,447,294,542,618,496,377,625,589,620"
A10-04,"502,47,498,346,369,85,399,500,499,449,447,76,348,274,501,377,392,611,572"
A10-07,"47,572,496,499,346,447,622,502,449,399,375,500,498,493,377,392,359,369,66,282,501,294,589,351,279,271,505"
A10-09,"449,346,499,47,399,572,498,501,375,502,510,392,481,439,447,440,377,500,576,309,294"
A10-10,"346,502,498,499,449,501,483,47,359,399,392,481,447,496,43,294,506,377,309,620,369,500,391,69,572,375,508,510,93,274,63,60,333,271,348,85,505,561,482"
A12-01,"439,447,274,271,449,346,499,386,572,47,391,333,589,294,93,611,496,306,291,60,399,501,392,500,56,502,369,359,498,384,620,415,372,625,377,510,85,307,348,445,317,309,632,618,282,481,363,474,301,69,406,63,296,576,493,62"
A12-02,"625,496,449,271,572,484,517,501,62,445,490,589,502,447,47,414,499,439,399,415,481,306,93,498,377,359,274,416,257,346,392,309,508,604,294,500,291,369,85,620,576,63,444,510,440,92,296,493,60,333,505,43,69,279,375,406,348,434,611,267,391,79"
A12-06,"498,47,500,501,510,60,309,392,449,43,499,69,85,496,618,346,375,572,502,447,439,372,359,399,391,62,377,294,93,348,576,406,505"
A12-10,"449,496,346,447,47,271,392,498,501,369,267,499,294,391"
A16-01,"501,447,377,346,369,399,348,499,625,496,572,294,449,392,446,47,500,498,440,359,530,93,375,416,618,417,444,502,589,306,437,483,357,271,301,510,453,592,528,594,85,548,274,482"
A16-02,"572,449,589,499,369,93,498,377,447,47,375,359,294,346,501,399,92,440,89,278,625,502,505,446,296,543,392,510,620,493,500,481,605,271,348,437,496,592,576,434,408"
A16-03,"572,399,444,499,498,449,589,359,369,447,93,502,375,440,377,346,294,43,325,501,348,392,496,446,47,500,561,510,92,625,493,89,274,306,474,481,592"
A16-04,"359,369,501,399,377,447,444,449,346,499,481,530,572,445,589,320,375,408,502,498,496,440,584,392,93,561,404,605,294,43,271,63,92,446,47,620,348,439,325,510,493,511,312,625,611,434,500,85,69,490,60,89,296,384,576,306,389,594,406,612"
A16-05,"93,449,502,498,481,375,346,359,576,85,499,43,447,399,369,440,493,501,47,294,445,377,496,92,500,510,348,444,406,644,89,589,446,60,484,572,79,325,508,404,511,392,485,605,542,389,620,625,546,604,611,306,592,490,408,574"
A16-09,"446,499,530,415,505,449,440,625,498,496,384,93,399,377,592,294,611"
A17-01,"271,446,415,399,73,47,499,439,416,49,530,618,449,500,496,372,612,346,418,93,392,62,528,265,69,384,92,274,440,63,294,413,501,267,386,437,483,498,625,417,377,306,613,620,575,56,359,357,282,85,369,447,505,348,474,279,102,105,96,482"
A17-02,"377,501,445,510,449,359,392,399,47,294,93,346,496,92,444,499,306,500,572,493,375,589,498,532,369,502,511,348,43,625,561,505,446,440,543,592,490,576,611,325,371"
A17-03,"500,371,501,69,346,502,498,449,85,369,474,375,499,47,453,63,359,348,377,384,392,496,294,43,446,73,93,399,439,440,510,102,493,538,279,561,306,357,105,576"
A17-04,"271,446,500,415,49,449,24,530,417,496,499,69,47,85,62,386,618,73,372,274,418,377,392,439,102,413,416,346,437,625,622,613,528,56,279,267,384,63,612,594,351,282,93,611,371,440,610,105,490,399,483,87,575,268,92,265,348,592,66,434,542,183,357,474,482"
A17-09,"87,377,282,501,105,294,498,43,499,346,449,446,359,496,500,85,47,439,271,502,493,505,49,510,511,62,63,611,306,371,369,408,73,357,392,375,93,530,348,592,483,453,474,414,434,66,76,384,102,416,399,555,309,612,440,482"
A17-10,"446,618,530,49,440,377,73,416,449,85,47,384,346,62,500,498,499,501,271,372,371,268,496,439,415,386,93,505,392,510,345,294,306,417,359,502,611,24,274,622,572,375,102,63,66,98,282,265,620,309,528,43,357,594,592,69,543,279,76,333,612,129,575,437,105,447,60,613,483,369,291,399,482"
A17-11,"359,499,501,449,346,498,502,47,496,102,446,271,399,93,483,377,301,43,392,509,500,572,481,618,439,442,357,282,348,371,69,669,510,604,543,484,605,294,369,306,416,85,375,592,530,548,482"
A17-12,"399,56,294,501,63,446,449,346,47,306,392,359,496,85,375,440,589,271,499,604,592,500,377,371,348,291,43,510,93,498,49,60,618,415,282,384"
A17-14,"496,501,510,47,399,404,371,359,446,346,500,449,392,498,440,294,516,372,434,437,572,592,499,618,502"
A17-15,"399,446,346,63,530,618,528,85,496,49,440,437,417,169,98,415,24,73,279,372,439,271,384,99,102,62,416,501,543,348,377,555,47,483,500,449,499,265,594,474,336,498,274,502,392,625,267,592,612,613,93,306,357,282,490,542,453,611,505,482"
A17-16,"393,392,530,618,271,496,440,63,372,268,279,274,446,499,377,346,93,47,98,416,415,102,24,501,56,282,449,542,62,625,214,439,384,51"
A17-18,"62,446,530,279,63,392,416,449,500,43,56,47,346,501,399,294,69,498,377,359,499,371,572,375,502,496,625,618,437,440,439,51,102,24,271,93,98,372,85,267,274,66,169,415,369,348,483,417,542,594,528,265,592,268,384,546,434,333,357,620,105,576,611,309,282,482"
A17-20,"618,446,63,496,612,346,530,594,483,62,415,439,416,449,528,274,359,611,372,73,49,613,47,384,271,499,96,542,377,575,669,440,418,98,265,268,24,392,267,437,592,386,290,413,622,85,279,214,117,447,102,106,625,129,178,543,371,93,399,263,417,219,289,169,126,69,282,56,76,482"
A17-21,"377,618,625,446,611,613,499,63,501,449,102,530,496,392,47,500,589,346,437,294,498,93,542,572,440,306,375,528,399,62,612,592,359,416,348,439,444,351,386"
A18-01,"499,47,399,501,498,449,377,85,73,294,500,375,392,502,446,369,93,346,105,348,496,359,371,69,309,306,43,89,572,611,439,92,632,618,542,445,57,493,612,102,532,620,282,625,271,325,307,447,63,49,510"
A18-02,"415,418,62,372,439,271,265,267,620,279,98,417,416,73,214,440,437,386,530,263,49,183,413,618,51,274,346,92,446,69,93,294,47,499,399,24,496,63,612,622,289,351,34,592,625,669,169,99,449,500,96,129,309,18,498,306,102,384,542,594,613,261,370,303,575,174,117,144,147,178,177,219,377,474,60,85,106,333,392,483,291,268,126,121,528,505,122,611,482"
A18-03,"446,415,98,62,47,372,439,416,377,386,530,73,346,49,418,102,417,271,384,496,449,498,500,85,63,294,348,625,399,437,501,392,499,505,371,613,66,93,440,620,445,306,622,106,375,359,267,265,542,594,612,611,43,543,274,502,548,96,483,592,282,325,336,618,79,24,56,357,60,369,279,447,69,482"
A18-04,"49,102,372,63,499,440,446,98,62,530,449,73,415,386,618,294,346,594,47,359,85,371,498,500,501,612,620,625,282,392,377,375,306,439,279,274,271,528,93,496,66,399,543,416,348,592,611,445,265,357,505,510,483,632,24,333,309,384,572,43,542,502,170,404,589,69,60,369,442,511,105,482"
A18-07,"618,446,496,530,371,62,384,501,43,543,98,271,377,449,415,416,63,372,440,306,386,24,612,294,282,93,102,346,85,499,73,500,49,392,47,483,620,348,274,442,399,439,183,279,359,357,528,505,510,375,66,498,482"
A18-08,"446,416,392,415,499,274,449,371,377,496,47,49,498,102,434,483,386,62,618,530,372,85,346,279,622,271,505,440,575,546,63,60,543,375,437,359,93,439,348,73,282,183,268,294,290,69,66,96,106,24,528,592,625,87,357,418,442,542,333,121,612,43,413,482"
A18-09,"49,446,62,530,47,346,499,415,449,416,417,618,399,274,386,85,496,377,528,490,505,440,102,63,372"
A18-10,"413,416,530,49,618,346,73,442,47,669,62,611,121,415,575,24,102,622,384,527,399,372,274,303,446,93,528,265,178,483,437,386,418,98,99,620,440,63,333,417,496,439,294,129,482"
A19-01,"502,294,449,499,348,375,369,359,371,377,392,453,501,498,85,69,500,561,346,47,572,357,43,399,496,510,625,543,445,404,49,480,611,446,576,532,620,592,589,391,66,282,93,306,493,511,408,508,291"
A19-02,"294,446,375,377,449,49,392,416,85,415,62,418,306,500,47,501,496,499,417,63,498,613,271,346,618,93,530,612,625,267,274,384,372,528,413,92,87,386,102,73,96,69,505,502,611,66,359,371,399,445,543,369,620,391,572,483,669,510,440,453,437,129,575,542,474,43,182,333,348,592,60,622,98,56,404,490,434,357,626,439,183,24,57,105,482"
A19-03,"498,85,505,501,416,377,496,359,346,499,449,417,500,445,69,502,63,66,49,371,375,483,572,294,43,446,274,47,271,437,392,611,369,348,306,372,415,357,418,183,62,399,57,93,620,528,543,453,105,289,480,129,333,530,182,474,594,576,625,56,561,265,24,589,291,384,592,309,482"
A19-04,"416,62,386,73,439,392,375,346,49,415,530,449,446,102,618,47,500,413,418,294,170,505,612,93,399,496,372,622,63,183,625,271,274,306,440,501,620,384,371,377,611,92,499,575,268,24,129,85,546,69,359,437,106,498,445,543,66,483,594,510,357,282,592,296,561,105,309,434,43,542,76,348,613,482"
A19-05,"62,530,618,496,446,417,24,416,439,271,63,622,612,267,611,265,415,625,102,98,169,440,449,413,117,49,437,183,384,92,346,129,438,613,268,418,170,121,294,500,386,669,377,279,182,263,126,178,146,144,274,499,47,266,375,372,93,73,214,528,163,543,592,106,218,392,483,51,531,620,333,131,351,261,447,290,594,357,219,442,482"
A19-06,"501,498,449,377,92,375,346,371,392,359,446,496,47,271,294,85,415,62,500,413,613,306,439,351,66,93,416,618,440,274,530,620,499,672,542,445,612,369,611,437,384,669,24,386,594,63,502,69,43,625,572,321,357,345,505,372,399,276,483,170,98,102,417,543,348,363,267,333,106,282,49,589,169,129,592,622,528,576,56,279,73,447,482"
A19-13,"449,446,499,498,505,501,502,384,129,437,47,346,375,377,85,392,530,416,62,575,496,445,348,371,611,474,612,294,369,306,594"
A19-14,"49,592,496,386,62,24,274,415,99,98,271,51,268,47,27,439,575,543,294,265,372,416,499,392,93,413,446,618,449,267,384,371,85,261,611,263,530,333,73,500,346,106,102,63,440,377,57,434,18,282,279,483,612,505,437,348,96,56,474,528,291,625,375,620,634,622,399,359,178,163,482"
A20-01,"377,392,449,499,500,505,496,66,439,47,620,501,498,348,346,611,445,391,85,375,62,446,612,274,93,271,98,438,622,440,618,102,63,416,418,415,530,384,73,625,528,267,169,589,417,542,502,437,372,371,279,594,294,183,306,309,69,129,333,359,24,369,543,669,483,357,278,178,170,49,174,444,177,263,572,482"
A20-02,"440,530,346,392,294,500,371,377,449,445,446,63,47,499,93,73,306,69,505,375,496,62,359,611,399,291,416,612,384,271,594,348,333,24,274,43,417,372,66,620,265,524,502,369,483,498,618,102,542,309,357,543,85,622,282,528,604,548,482"
A20-03,"348,359,346,369,502,449,377,294,500,375,499,572,501,43,371,392,47,498,325,511,605,510,50,561,391,57,66,532,576,306,93,92,493,399,496,446,543,620,69,574,402,406,604"
A20-04,"449,346,369,43,350,359,502,572,47,325,392,499,501,500,510,399,498,375,69,371,348,294,391,605,542,50,511,453,309,377,92,291,93,493,406,561,445,402,57,89,366,296,295,485,439,506,444"
A20-05,"43,502,47,510,359,449,309,346,499,369,79,498,605,389,50,325,375,500,572,371,348,392,294,532,295,493,501,391,406,486,399,377,306,561,408,512,543,445,506,92,496,350,576,366,320"
A21-01,"24,274,62,446,618,416,384,445,530,372,439,498,499,532,49,415,449,47,346,612,496,620,301,392,102,500,93,306,625,357,594,440,371,85,43,505,375,377,63,309,294,169,622,417,98,418,413,528,183,437,369,453,474,359,483,333,524,542,543,271,613,348,502,66,321,444,73,531,482"
A21-02,"439,346,371,47,449,416,333,445,392,499,63,62,93,377,440,446,73,530,594,505,501,294,43,384,611,306,375,496,357,279,500,348,359,291,49,271,372,612,274,483,620,369,66,592,60,498,98,442,69,542,618,386,415,543,85,56,510,482"
A22-01,"346,392,69,375,449,501,502,47,369,542,499,377,348,500,294,474,453,498,43,359,105,321,320,331,282,446,440,85,66,530,63,496,371,93,301,505,73,561,57,511,406,532,594,442,592,306,60,604,357,92,50,576,584,632,620,611,483,274,612,669,62,543,309,510,399,372,391,548,366,389,384,490,325,482"
A22-02,"346,449,377,499,391,572,369,375,371,392,500,359,294,502,47,605,348,510,43,325,501,69"
A22-07,"372,62,530,446,392,505,346,47,449,49,440,69,63,499,306,294,375,371,386,279,333,357,612,282,384,93,377,102,98,542,618,543,625,498,620,73,271,496,483,348,592,442,268,274,611,66,482"
A22-08,"346,446,530,372,449,301,49,282,505,439,392,274,63,47,62,386,294,500,371,620,440,612,496,618,416,377,499,73,375,542,348,69,85,357,483,333,625,271,267,43,93,306,594,169,60,265,279,611,291,442,482"
A23-04,"446,375,47,346,392,371,589,449,62,530,63,440,618,359,50,442,496,372,93"
A23-05,"446,375,392,449,496,47,618,62,268,442,63,440,386,528,294,523,346,530,625,499,49,445,43,371"
A24-01,"47,499,618,346,446,496,66,377,594,63,449,505,348,392,500,440,620,267,69,502,445,294,93,369,371,498,271,309,501,416,105,306,62,625,530,274,357,437,384,85,510,481,372,483,592,375,612,611,129,439,366,301,528,442,359,43,482"
A24-02,"63,449,392,346,498,440,415,505,446,499,372,439,594,348,542,47,377,399,496,369,371,391,93,294,386,416,500,271,501,589,502,618,543,611,453,359,375,43,66,530,274,62,510,306,625,481,622,69,445,350,576,325,620,296,528,572,56,85,575,60,309,612,437,384,129"
A25-01,"449,501,481,392,346,502,377,498,47,85,499,69,446,294,500,440,372,618,63,66,416,530,371,375,309,306,369,348,359,493,625,312,296,391,43,56,445,483,510,62,505,271,415,542,572,417,612,496,406,611,439,93,50,594,604,357,447,482"
A26-01,"312,499,505,449,416,271,63,392,372,440,73,346,446,62,47,274,377,413,93,618,530,102,498,612,500,306,439,442,294,594,98,542,267,24,268,384,169,620,417,625,484,622,265,496,502,170,291,182,368,27,174,87,129,333,370,66,528,348,290"
A26-02,"346,449,384,446,440,439,499,392,372,377,63,618,416,530,542,47,594,501,73,93,505,498,274,62,294,413,450,417,268,612,267,24,442,524,625,265,333,271,102,634,626,98,484,307,370,528,289,291,500,169,301,129,51,312,483,368,123,493,272,306,482"
A26-03,"372,392,93,498,63,446,499,47,377,449,346,73,500,505,440,413,439,62,618,274,416,612,594,384,363,294,271,524,370,542,484,267,169,102,530,174,504,620,625,265,170,276,306,442,182,528,87,417,502,483,333,24,482"
A26-04,"47,346,392,446,449,499,498,377,307,439,63,618,384,440,530,294,183,542,69,372,370,502,93,73,413,274,306,484,532,500,594,483,482"
A27-01,"440,62,618,447,415,496,348,417,530,413,416,274,56,442,386,372,92,73,612,178,439,575,271,63,93,129,528,268,481,449,625,267,501,98,284,282"
A27-02,"274,618,62,447,440,417,63,416,98,73,439,415,129,622,102,496,372,442,178,530,384,279,276,528,381,612,93,271,121,418,182,625,174,301,306,392,669,386,333,290,437,592,131,117,483,482"
A27-03,"447,415,62,386,439,416,528,669,618,483,530,496,413,612,63,490,384,333,440,427,575,442,622,274,279,271,372,453,169,98,267,265,377,290,117,548,474,620,284,437,543,592,73,56,178,554,129,174,219,261,24,93,214,526,542,126,268,348,193,205,121,171,482"
A27-04,"618,447,415,439,62,413,63,528,416,530,496,554,384,98,453,56,440,279,174,669,274,271,442,333,261,126,193,206,267,179,268,169,102,27,152,214,386,121,171,139,483,265,543,117,205,594,284,177,124,203,96,290,278,427,575,437,51,133,417,490,93,106,216,351,218,482"
A27-05,"499,63,449,447,618,496,445,490,346,440,47,384,416,415,498,620,625,274,392,377,66,611,93,502,62,294,372,301,306,85,505,307,483,348,282,612,357,690,555,543,530,69,284,482"
A27-06,"496,346,447,499,377,502,449,415,66,498,392,474,63,348,85,490,500,369,375,43,543,555,301,93,416,47,384,372,576,309,439,294,306,618,282"
A27-07,"496,447,449,416,415,372,418,669,62,439,499,377,618,498,47,60,505,306,490,85,274,346,271,613,528,284,543,392,98,51,63,417,182,612,73,530,265,268,384,93,279,24,592,102,622,294"
A27-08,"498,47,496,618,499,282,449,377,294,483,530,447,392,306,346,62,393,592,474,502,501,369,543,43,63,60,505,561,439,399,73,271,500,482"
A27-10,"392,447,93,271,449,294,63,618,496,502,505,499,620,377,391,346,372,333,440,274,47,62,415,60,384,418,102,348,282,500,279,416,611,612,85,386,306,73,501,498,359,15,369,530,439,79,375,504,592"
A27-12,"447,372,496,392,439,416,612,271,62,384,483,449,346,274,63,393,620,618,98,267,442,528,530,415,499,377,60,391,102,279,440,56,47,502,129,73,375,498,333,386,169,523,93,294,418,625,505,276,170,51,500,265,486,357,43,482"
A27-15,"372,447,618,416,63,271,47,483,62,174,118,126,346,612,392,499,391,377,384,274,496,439,449,56,442,102,98,51,440,498,85,284,73,530,505,131,106,267,386,555,265,129,634,625,620,482"
A27-17,"372,447,618,62,63,439,56,440,392,274,384,499,271,416,60,102,622,418,496,49,442,377,279,530,483,669,612,417,528,98,523,267,482"
A27-18,"528,447,618,93,384,439,62,63,496,56,442,625,372,416,440,271,392,274,393,301,98,268,530,620,415"
A27-19,"618,62,416,530,98,63,447,271,384,279,99,439,372,274,56,625,413,622,415,129,117,144,178,169,174,490,612,669,442,333,519,267,126,148,393,427,386,276,268,290,265,51,301,543,440,214,131,417,27,163,496,24,106,284,437,554,73"
A27-20,"439,447,416,51,530,618,271,62,129,622,178,372,117,93,169,268,528,384,174,98,279,274,284,415,333,265,219,218,267,179,442,634,63,625,440,669,526,290,222,214,417,620,612,413"
A27-21,"416,618,62,439,447,372,63,392,530,543,393,274,271,384,496,56,612,528,440,415,417"
A27-22,"447,618,612,63,274,417,384,483,62,439,416,413,530,271,415,442,393,440,496,372,290,56,268,528,163,625,392,131,622,279,93,214,418,169,523,490,610,98,351,73,117,333,284,691,355,219,267,265,129,182,183,437,499,620,282,377,102,554,482"
A27-24,"62,447,530,415,618,439,384,416,496,56,440,543,372,290,63,392,612,625,271,528,442,348,93,377,274,417,284,279,418,483,98,282,575,490,482"
A27-25,"618,530,415,62,447,372,440,416,131,129,622,496,449,384,98,625,592,439,271,418,183,348,442,377,63,612,178,274,73,182,282,483,543,525,528,392,56,417,169,121,370,620,126,634,279,482"
A27-27,"178,271,98,440,417,416,618,62,447,415,439,372,129,622,612,274,496,575,294,121,290,102,279,131,530,528,73,384,169,182,63,163,106,183,386"
A27-28,"618,271,439,274,56,447,169,126,415,174,51,62,333,177,219,98,279,372,416,218,117,214,440,63,267,265,442,528,131,417,530,268,171,99,284,612,129,27,18,178,102,179,290,118,152"
A27-29,"63,447,440,62,496,416,384,427,415,618,372,98,178,528,417,439,625,348,271,73,386,274,129,530,282,279,183,182,117,121,131,284,612,290"
A27-30,"62,447,618,274,417,413,416,73,386,372,415,290,63,98,131,622,440,612,442,56,437,439,121,178,169,129,271,530,528,279,117,496,102,523,182,284,333,183,93,384,625,669,575,592"
A27-31,"372,274,62,530,618,56,447,416,417,63,528,129,178,620,440,98,496,439,415,279,271,73,575,384,121,437,377,622,117,442,612,131,163"
A27-32,"447,417,62,416,439,178,73,98,63,612,618,622,372,129,415,126,271,496,625,528,351,274,440,183,102,279,333,93,530,290,442,384,121,377,437,413,117,282,131,392"
A27-33,"129,618,439,447,62,530,152,372,267,98,265,274,496,449,121,178,416,415,440,131,413,63,528,442,122,377,290,622,612,271,56,392,348,279,384,333,93"
A27-38,"618,440,62,56,271,279,274,439,447,63,417,611,416,268,612,415,528,372,276,73,530,496,625,384,442,290,98,102,284"
A27-39,"447,372,618,294,346,62,449,63,439,440,528,496,348,93,418,415,392,505,416,85,530,625,56,498,73,274,301,413,384,442,271,47,502,612,377,306,592,501,555"
A27-40,"372,415,447,51,271,174,169,416,289,439,449,265,531,62,392,523,622,267,93,413,618,98,279,417,268,530,496,625,47,528,63,393,442,129,612,377,274,284,27,669,257,498,333,499,592,505,384,24,60,481,418"
A27-41,"618,447,102,63,622,415,416,612,384,98,499,386,528,271,56,417,393,505,372,169,418,265,440,279,531,530,274,594,625,62,439,496,377,24,60,483,129,276,392,449,333,47,346,85,93,634,178,284,442,267,498,482"
A27-43,"498,346,447,63,496,62,372,439,392,543,618,499,384,413,333,274,348,415,418,56,530,182,483,440,377,57,416,282,25,542,306,625,444,294,449,500,592,632,442,482"
A27-44,"447,496,392,63,372,543,618,530,439,62,490,377,415,384,542,56,449,483,474,612,294,555,282,499,625,440,274,416,418,60,620,592,498,348,284,528,442,531,482"
A27-45,"440,447,618,439,63,372,496,392,530,56,625,393,282,442,449,499,346,612,528,309,453"
A27-46,"62,618,530,447,290,372,625,63,98,415,439,51,178,622,392,449,129,496,499,93,440,348,282,416,274,377,117,169,525,592,271,284"
A27-47,"618,612,417,439,106,416,62,447,56,377,98,415,530,93,372,274,63,271,279,622,413,290,496,178,437,183,121,440,182,392,129,131,442,449"
A27-48,"62,618,530,417,440,439,447,372,268,384,63,528,290,274,416,129,56,612,98"
A28-01,"279,271,447,333,691,418,417,416,415,169,414,612,267,274,413,618,440,505,346,392,499,449,391,498,377,47,62,439,348,496,85,543,369,538,306,294,502,611,174,129,372,625,622,63,442,282,620,530,93,56,592,500,528,384,98,102"
A28-02,"60,271,375,505,346,498,447,449,377,502,501,572,392,500,499,481,399,620,576,445,47,517,43,589,369,611,391,359,66,357,496,414,294,404,612,474,543,85,453,93,348,309,484,306,637,274,282,63,372,625,406"
A28-03,"279,271,416,43,499,505,63,102,439,449,442,440,333,384,372,392,346,612,447,62,618,377,501,538,502,496,47,369,498,274,500,620,531,481,60,306,625,490,294,93,530,375,445,282,348,406,56,589,399,528"
A28-04,"449,447,496,377,369,542,392,502,47,346,499,294,543,510,498,453,505,309,93,575,391,636,43,348,594,60,483,474,359,306,301,532,501,482"
A28-05,"346,375,399,493,445,449,576,501,499,498,620,589,502,511,414,85,408,481,69,574,505,377,508,392,47,561,359,294,325,291,611,306,444,282,416,43,500,486,93,510,60,496,439,484,572,440,369,618,357,348"
A28-06,"499,445,377,447,618,47,505,498,481,501,440,359,625,442,449,63,620,60,484,346,416,611,384,496,414,511,612,309,490,502,632,306,392,69,56,510,85,566,375,500,294,669,43,93,372,62,474,543,415,369,589,348,439,592,282,605,542,406,444,483,291,399,572,640,530,482"
A28-07,"502,496,499,498,43,500,501,399,391,415,363,57,346,306,309,392,505,449,447,73,60,274"
A28-08,"279,271,267,500,289,51,257,265,447,333,505,93,391,498,496,359,499,47,377,502,501,62,392,618,102,483,63,589,348,60,372,274,43,449,346,282,440,572,481,416,510,66,384,69,73,620,98,528,375,294,169,369,291,611,371,284,129,415,530,625,306,439,482"
A28-09,"47,392,447,333,439,589,449,618,391,572,294,372,309,501,369,502,500,499,510,377,359,498,282,274,440,496,357,271,43,505,346,63,375,399,348,620,66,612,73,85,604,60,530,445,306"
A28-10,"449,392,447,346,499,501,377,505,47,271,510,63,384,500,498,483,348,43,375,391,294,496,73,502,306,359,372,62,363,357,60,309,282,543,415,572,576,369,507,320,85,548,66,418,481,531,102,69,50,482"
A28-12,"496,271,63,447,618,346,93,62,449,47,375,294,439,589,505,499,279,377,445,372,572,498,502,392,416,530,348,391,440,528,442,625,406,369,274,620,510,501"
A28-13,"447,496,449,439,63,440,271,445,346,392,87,416,279,498,377,502,47,369,372,348,499,530,399,93,625,589,442,572,501,618,620,415,267,73"
A28-14,"271,449,47,439,346,589,447,618,375,294,496,445,392,499,62,85,416,498,502,348,63,440,611,377,530,93,483,501,43,510,572,359,372,306,612,505,481,282,60,69,620,333,369,24,278,268,592,500,622,414,291,528,384,279,274,482"
A28-15,"392,499,447,47,43,449,271,346,372,501,502,505,566,498,348,294,359,375,496,333,274,618,439,377,391,500,481,306,572,282,442,66,483,493,69,371,620,279,440,369,576,102,63,554,73,445,510,416,309,357,482"
A28-16,"47,449,392,510,500,377,447,483,502,346,501,499,498,415,620,278,496,375,359,391,274,271,306,505,440,439,371,294,309,481,60,572,282,372,416,63,333,93,445,611,369,348,73,357,43,612,543,669,589,434,69,530,62,442,384,279,482"
A28-18,"499,449,498,43,377,271,439,447,505,392,416,346,415,391,440,348,611,333,73,502,369,620,501,500,47,282,375,445,555,474,572"
A28-24,"43,449,502,498,481,576,406,369,572,501,493,331,510,359,499,500,47,496,511,60,294,375,611,346,625,377,589,399,447,505,561,85,392,69,484,309,282,604,416,372,620,605,669,575,440,415,271,445,594,348,404,66,267,612"
A29-01,"440,93,447,62,384,499,102,377,449,496,531,47,98,416,271,618,611,625,392,63,498,85,129,612,375,291,543,346,348,371,502,282,445,501,620,359,369,510,43,481,406,372,415,490,576,442,505,542,309,530,437,66,605,294,306,333,555,399,589,561,493,274,391,604,57,92,500,613"
A29-02,"498,447,501,499,449,47,346,445,392,377,375,440,391,555,612,618,496,294,63,282,271,505,502,333,85,620,416,369,69,348,357,372,384,414,500,625,93,301,483,306,291,62,359,530,543,611,415,399,267,442,594,439,66,592,474,371,76,274,490,43,453,307,482"
A29-03,"505,500,449,47,375,346,498,481,85,377,502,501,499,620,447,392,294,496,359,369,440,612,572,60,414,63,271,625,611,483,62,372,93,445,57,333,416,348,439,306,66,453,474,604,357,442,282,589,309,317,69,43,371,555,508,576,510,391,307,325,291,399,444,295,482"
A29-04,"447,440,392,47,499,625,449,483,346,377,372,618,496,416,369,63,66,505,502,93,85,501,498,445,60,271,375,294,348,359,333,500,291,357,306,612,530,611,620,543,69,62,73,391,474,481,555,399,592,384,105,274,442,575,309,79,482"
A29-05,"377,346,447,498,449,499,502,474,47,294,453,392,501,357,66,306,63,93,369,505,85,496,348,375,500,69,555,611,589,372,612,439,576,592,271,282,530,445,483,60,625,440,442,543,384,56,309,413,618,416,414,333,482"
A29-06,"415,62,439,618,413,620,447,416,499,625,178,384,129,622,530,56,496,531,274,279,523,271,60,612,117,529,98,92,490,372,102,694,392,417,592,505,528,63,377,613,284,268,669,543,483,542,265,267,93,182,170,169,386,418,290,27,525,24,348,449,306,333,440,482"
A29-07,"496,447,279,372,62,618,528,439,392,63,271,415,274,498,490,384,416,530,449,442,625,612,56,622,620,440,129,523,418,499,393,93"
A29-08,"271,530,63,439,618,268,447,612,416,393,384,62,392,415,620,496,528,306,279,372,98,647,625,592,333,274,417,490,449,440,525,575,418,56,622,499,523,129,483,377,482"
A29-10,"439,279,618,62,447,530,271,333,496,265,98,386,372,528,415,416,440,393,63,274,93,56,129"
A29-11,"62,530,447,618,271,392,439,440,63,56,333,528,416,126,622,625,543,98,274,496,620,266,417,279,449,415,526"
A29-12,"265,618,271,267,413,63,415,530,384,447,372,98,93,416,178,437,528,440,62,622,612,279,56,274,625,442,418,439,496,169,27,669,490,392,174,523,445,268,51,634,417,129,290,620,449,525,126,102,498,377,499,531,346,414,613"
A29-13,"505,499,501,377,440,604,445,282,447,612,346,449,496,66,498,392,85,359,47,60,63,271,391,306,294,357,307,369,500,348,439,625,502,372,384,375,371,93,309,399,483,555,453,611,291,69,442,530,482"
A29-14,"377,589,346,449,447,618,306,404,416,445,63,496,572,439,499,391"
A29-16,"439,447,102,416,625,499,498,346,530,415,612,618,392,543,271,442,372,440,496,63,333,62,169,445,437,592,377,449,294,279,93,531,129,98,85,73,309,60,274,47,267,490,265,611,370,444,384,622,56,306,542,502,484,501,291,348,282,528,609,505,301,620,414,278,555"
A29-17,"501,499,449,498,502,625,377,505,63,392,47,440,359,576,85,66,500,346,496,348,375,447,391,294,306,271,445,371,291,282,357,369,399,69,43,555,620,79,543"
A29-18,"47,502,377,447,449,346,66,499,63,392,60,501,375,496,498,500,85,371,505,294,357,348,359,399,271,372,618,445,384,625,282,391,576,79,73,69,555,306,481,291,43"
A29-19,"447,63,377,498,618,496,499,346,392,449,483,348,414,445,85,490,282,502,69,66,306,93,60,47,416,439,357,62,501,384,399,440,543,309,369,530,612,609,56,555,372,505,474,442,415,482"
A29-20,"530,279,439,618,271,447,62,63,372,416,265,413,415,392,56,612,528,442,437,449,129,182,531,440,93,496,384,625,499,333,102,98,268,609,490,498,377,267,575,414,484,170,620,418,274,169,483,117,47,393,613,174,482"
A29-21,"496,62,447,618,440,56,415,530,372,442,392,612,271,129,620,63,416,384,528,279,346,449,439,93,282,375,625"
A29-23,"496,294,449,447,499,498,502,63,530,372,392,414,440,625,282,620,348,542,505,377,346,612,62,445,442,415,416,483,271,69,60,384,47,618,56,93,439,543,333,474,102,592,482"
A29-24,"618,440,447,63,271,496,282,62,530,56,93,392,372,442,449,279,348,625,384,439,301,445,612,483,416,274,482"
A29-25,"618,447,496,528,62,530,271,416,98,440,384,282,279,265,169,63,284,393,348,439,415,372,93,612,392,449,56,73,510,575,592,333,129,377,610,525,490,267,268,24"
A29-26,"498,499,447,372,377,502,346,496,85,449,440,294,484,414,47,445,474,500,60,439,63,416,392,501,505,399,306,611,375,481,369,605,348,572,415,490,575,43,589,282,510,406,604,592,594,384,371,309,542,612"
A29-27,"447,498,47,499,449,510,501,500,502,496,63,346,375,440,399,377,24,474,542,543,85,505,371,445,69,392,66,369,348,384,62,416,333,306,415,625,442,51,271,294,98,279,57,43,481,561,490,105,632,372,620,359,572,612,507,93,611,60,484,414,439,604"
A29-28,"447,416,530,618,442,496,56,62,63,528,271,620,384,333,290,622,351,93,274,129,306,625,439,449,490,393,418,377,279,98,612,178,417,392,267,523,634,102,131,117,372"
A30-03,"620,442,416,63,93,500,543,447,496,62,618,449,372,415,346,377,499,440,47,531,170,399,669,510,490,437,501,502,445,612,392,348,505,414,444,271,498,369,625,481,274,85,611,294,530,384,622,542,375,528,575,483,102,417,57,592,306,594,609,508,282,333,561,482"
A32-01,"348,502,449,375,371,85,481,377,392,69,309,93,498,47,496,501,499,346,325,369,576,43,453,604,359,447,63,500,484,60,510,66,440,271,572,282,294,50,399,274,291,306"
A32-02,"498,449,501,502,576,499,611,377,510,348,375,481,346,359,366,291,445,414,63,47,369,496,325,442,447,392,500,440,371,604,605,279,384,399,622,625,60,453,572,43,415,474,416,575,85,294,370,69,66,274,93,434,282,632,105,493,439,480,271,507,543,102,505,561"
A32-03,"447,449,333,499,445,346,440,377,85,502,372,496,625,47,392,498,618,375,611,56,348,501,384,63,93,66,60,612,369,510,620,309,543,282,505,453,572,271,73,294,500,530,274,483,592,406,320,555,474,542,442,62,306,399,576,371,359,69,482"
A32-04,"377,498,63,618,445,348,496,449,346,481,47,499,502,501,484,375,447,442,271,510,282,416,589,625,437,93,62,129,384,440,622,392,612,399,274,306,490,611,309,60,493,486,359,592,542,369,639,561,85,439,620,505,169,543,594,406,414,296,311,530,415,531,69,386,294,263,43,511,57,605,66,483,500,604,482"
A32-05,"377,66,501,346,369,47,594,392,618,271,447,449,439,499,498,555,375,445,496,502,500,93,282,62,348,371,399,483,69,63,294,60,482"
A32-06,"498,481,501,502,375,445,496,346,63,449,359,447,499,377,69,576,440,414,333,271,589,620,60,93,612,306,444,294,66,348,85,392,511,47,416,369,399,453,611,493,510,389,483,561,43,500,274,604,486,592,543,572,406,282,267,291,575,296,371,474,541,482"
A32-07,"377,498,620,449,502,499,47,282,369,501,375,346,359,576,510,348,481,392,63,447,496,399,440,445,85,271,572,43,62,589,483,414,611,60,66,93,474,69,416,333,542,453,543,439,309,618,294,612,357,555,669,561,493,371,296,406,500,482"
A32-08,"62,501,445,502,498,348,346,499,496,449,85,447,372,377,271,500,618,440,63,375,47,483,416,333,572,576,484,392,442,384,93,274,357,510,415,625,399,294,612,66,267,51,359,611,279,589,369,592,555,482"
A32-09,"392,449,447,498,502,348,543,377,496,47,499,625,43,618,620,63,56,416,415,437,490,372,102,530,528,445,440,439,346,66,555,442,62,279,572"
A32-10,"496,449,63,47,445,346,447,499,392,377,348,371,474,369,592,498,501,399,372,618,440,625,129,274,375,62,530,611"
A32-11,"47,496,502,449,498,484,348,377,309,510,481,399,501,543,63,416,490,589,622,447,415,414,375,282,369,406,572,500,511,93,625,417,359,440"
A33-01,"496,60,499,47,447,377,63,445,85,498,392,501,502,369,346,490,93,449,348,414,505,375,612,611,282,92,384,442,484,440,415,543,416,474,542,632,372,62,357,271,620,510,294,555,274,66,309,530,279,453,483,306,291,439,500,333,371,618,399,592,69,482"
A33-02,"449,592,47,63,447,496,346,618,85,500,60,498,377,499,483,542,271,611,348,501,502,375,392,445,294,414,632,306,440,505,625,511,612,93,543,669,474,442,309,282,508,369,310,481,484,69,357,66,416,620,510,572,399,291,439,320,62,79,493,482"
A33-03,"530,447,62,415,63,440,372,618,416,498,490,392,274,499,483,377,496,271,620,384,439,93,528,449,612,346,418,417,542,669,47,442,282,102,348,445,306,56,85,525,609,594,279,482"
A33-04,"530,93,63,413,442,392,416,62,447,439,372,622,377,496,73,449,612,182,618,384,85,294,440,351,47,306,498,60,415,274,170,183,499,282,417,129,333,620,490,348,669,98,611,625,543,474,102,445,386,502,301,307,279,460,531,271,56,346"
A33-05,"417,62,618,440,447,530,418,416,612,274,98,178,271,413,279,372,442,63,129,622,625,439,415,528,496,377,392,498,47,384,73,437,669,93,499,60,51,169,131,333"
A33-06,"530,183,416,447,618,73,496,442,346,372,62,415,437,531,413,439,392,529,499,377,60,386,348,612,498,418,47,294,85,63,449,182,271,93,445,417,56,440,542,483,306,274,384,490,301,501,543,66,502,625,309,290,528,611,369,482"
A33-07,"449,63,294,498,505,47,392,499,73,445,377,346,399,453,348,447,496,625,500,391,357,93,369,375,416,502,501,66,592,85,309,611,62,69,291,442,483,620,359,440,575,414,60,306,474,371,105,510,43,561,555,576,490,612,482"
A33-08,"481,85,447,449,359,502,499,498,377,500,346,348,375,501,496,66,369,93,392,453,60,555,63,611,440,445,294,271,47,43,474,357,69,105,576,575,620,442,282,372,572,82,384,306,371,530,480,73,483,50,274,301,307,291,482"
A33-09,"618,447,415,622,416,612,490,439,669,384,271,625,372,274,63,437,62,442,413,169,129,56,530,496,170,417,542,93,267,98,449,392,440,377,183,418,528,427,483,73,499,24,355,131,279,282,306,575,60,102,87,290,531,498,182,386,351,620,333,265,106,523,263,613,268,592,348,611,609,482"
A33-10,"447,416,440,530,618,271,63,392,62,384,622,496,415,377,499,274,333,449,93,372,268,505,612,370,417,442,279,418,625,439,129,498,265,98,169,611,528,346,483,348,56,620,543,282,351,592,131,267,437,518,525,482"
A33-11,"447,416,415,618,499,498,377,449,62,440,372,346,530,63,496,622,501,348,392,611,592,502,47,543,93,442,612,306,291,279,271,625,439,490,384,483,294,282,85,445,480,500,320,510,369,357,79,66,632,274,555,528,301,309,418,73,375,525,518,98,417,482"
A33-12,"447,496,377,372,63,618,530,301,392,309,306,449,439,416,346,62,274,85,625,271,440,415,612,384,442,93,498,348,620,291,542,490,611,499,502,73"
A33-13,"447,618,415,416,543,496,63,62,439,530,372,612,622,271,440,377,384,392,442,498,625,274,417,490,418,73,265,505,542,483,611,282,93,528,279,129,437,499,47,346,306,56,98,449,554,284,620,525,76,482"
A33-14,"87,282,105,377,499,447,416,47,63,62,415,543,496,498,102,618,669,612,622,384,483,440,592,392,351,490,24,271,372,442,437,418,413,98,417,178,106,449,274,530,73,182,129,93,348,474,279,548,117,183,346,60,131,174,611,575,290,625,439,66,609,542,309,528,96,294,85,620,276,306,634,613,164,121,555,301,56,268,696,482"
A33-15,"618,447,496,62,372,56,415,271,416,622,440,499,47,93,306,449,174,530,63,417,294,129,442,377,24,279,182,131,498,613,183,612,413,282,147,274,268,483,392,437,384,98,27,351,177,117,73,625,543,542,669,592,126,178,531,348,611,418,106,439,60,290,121,609,267,291,265,528,371,263,170,261,87,620,102,163,490,555,482"
A33-16,"449,447,496,392,416,377,372,440,530,306,543,63,474,625,346,612,618,384,62,413,415,498,445,294,620,499,693,274,622,418,442,417,129,93,348,56,102,439,611,542,47,490,271,309,73,437,532,483,333,60,282,555,575,276,182,528,290,444,482"
A33-18,"62,618,439,56,530,372,165,416,622,129,440,447,271,528,98,442,415,178,384,279,274,612,417,351,93,413,496,63,265,268,392,73"
A33-19,"500,449,502,501,511,510,498,346,481,572"
A33-21,"440,449,271,502,481,625,447,85,346,498,369,377,501,500,69,47,499,496,375,416,445,372,60,62,348,294,576,392,43,333,359"
A33-22,"413,377,618,447,416,62,496,384,63,442,499,392,47,625,93,449,49,612,348,372,440,56,306,386,415,611,66,346,439,418,531,530,498,182,490"
A33-23,"445,447,442,392,618,625,62,530,499,346,56,63,294,372,496,449,47,502,498,348,282,612,271"
A33-26,"447,377,498,502,369,449,618,490,321,63,474,496,346,445,499,611,442,440,415,416,333,612,47,625,384,372,66,170,169,575,98,271,62,542,530,647,418,392,622,592,348,268,93,85,282,279,56,523,370,129,274,483,439,102,620,525,437,182,453,510,84,555,543,427,60,267,131,294,528,183,414,307,306,371,291,609,482"
A33-27,"346,447,498,449,499,453,501,375,377,63,611,43,481,502,500,348,47,392,85,371,543,416,530,620,415,66,73,483,442,445,359,496,369,294,555,93,271,532,279,440,274,576,60,357,306,282,474,102,612,331,56,69,482"
A33-28,"346,377,498,502,348,496,555,375,543,542,499,369,625,63,611,500,447,384,47,501,449,66,85,445,453,392,442,481,43,271,359,440,357,483,294,93,62,282,530,60,439,474,50,482"
A33-29,"449,372,496,377,375,625,618,447,348,47,63,416,392,346,369,440,93,282,499,294,531,439,333,62,415,498,474,500,274,320,530"
A33-30,"496,449,282,346,375,369,377,392,453,447,499,348,543,47,498,63,618,439,440,169,415,572,333,372,416,93,102,442,620,555,274,418,279,530,502,60,483,490,62,474,170,271,98,265,669,267,371,50,622,24,85,611,56,309,290,66,73,294,625,129,482"
A33-31,"447,496,618,62,439,531,306,372,392,279,271,282,98,498,415,620,268,530,169,73,622,63,377,267,528,541,47,333,178,416,129,56,417,611"
A33-32,"511,498,346,399,493,85,348,486,509,481,389,359,63,50,579,501,377,502,369,60,349,57,294,500,392,485,69,449,406,506,47,604,404,309,312,507,43,445,496,375,561,366,510,576,296,508,642"
A33-33,"618,439,271,531,346,447,63,372,592,625,449,392,496,282,56,98,51,306,530,416,333,442,377,612,294"
A33-34,"499,502,375,501,500,43,47,498,377,496,294,449,369,625,271,268,440,555,447,348,592,372,416,669,575,346,392,445,399,359,93,415,611,63,333,490"
A33-35,"499,447,498,416,415,62,85,63,449,418,271,47,392,618,530,372,377,98,437,490,386,496,440,528,346,93,445,442,117,279,265,274,625,612,306,384,267,501,333,417,294,66"
A33-36,"377,449,346,618,62,499,447,502,63,369,392,440,445,372,498,271,496,306,415,620,279,416,85,47,625,294,612,333,169,622,530,543,442,375,60,399,351,278,384,268,57,92,348,51,282,274"
A33-37,"496,440,499,445,377,85,359,447,449,498,501,481,511,416,500,47,369,493,502,486,348,346,392,294,306,572,282,399,442,505,375,589,69,43,510,620,414,60,434,592,576,93,444,561,612,483,474,66,309,555,406,611,482"
A33-38,"282,496,447,62,93,372,306,530,348,63,384,625,449,618,377,440,442,102,333,182,439,413,271,416,417,528,612,392"
A34-01,"62,447,56,618,413,274,530,440,183,612,121,384,622,417,496,416,73,98,528,415,439,610,178,372,63,102,93,131,442,594,386,625,271,261,129,117,620,182,169,483,437,482"
A34-02,"447,62,416,496,618,372,271,348,440,384,530,417,93,442,102,279,63,415,73,392,437,98,439,274,117,612,386,622,183,49,377,427,333,418,528,126,178,611,592,121,413,669,290,263,51,132,500,169,174,265,625,393,284,542,610,525,306"
A34-03,"62,271,447,622,63,440,417,618,98,416,442,612,372,496,530,384,415,392,437,418,183,73,377,131,274,49,499,348,413,393,93,439,182,386,117,528,625,279,106,474,267,178,268,263,290,449,594,121,47,346,525,56,523,129,610"
A34-04,"500,392,377,449,447,294,499,502,346,384,555,498,439,496,474,369,47,63,66,306,483,542,291,93,442,62,618,416,56,372,612,348,453,445,359,357,60,69,440,49,543,548,554,282,482"
A34-05,"496,62,612,348,447,63,372,442,440,500,85,271,530,392,47,499,377,416,306,618,346,27,93,98,73,498,274,611,622,170,117,102,620,439,449,92,625,594,415,268,279,375,669,384,437,490,445,129,333,56,371,417,294,483,312,525,51,351,267,66,60,524,528,357,69,531,77,460,282,482"
A34-06,"440,274,271,530,63,62,56,73,102,377,447,618,384,416,415,442,496,93,372,98,182,439,51,92,279,333,263,131,444,312,612,386,392,169,268,174,622,27,260,346,282,528,290,543,117,265,261,525,611,594,449,625,129,524"
A34-07,"447,274,528,62,271,440,346,372,449,618,117,131,415,267,530,417,437,279,392,98,416,63,47,439,442,132,622,129,333,51,377,163,268,612,496,265,384,178,93,276,312,183,620,27,169,669,106,56,290,102,284,634,348,216,625,263,542,525,73,99,18,555"
A34-08,"377,384,63,445,440,62,439,496,447,530,618,415,416,612,543,392,625,93,442,542,66,474,418,437,274,279,265,333,271,346,267,317,594,257,102,348,427,98,261,263,498,490,499,306,620,289,92,351,294,449,355,481,47,309,502,268,129,56,372,51,576,73,510,34,307,555,548,525,282,117,393,528"
A34-14,"287,117,62,618,442,447,271,214,93,279,63,496,393,612,528,375,372,98,51,265,625,348,439,416"
A34-17,"618,372,447,440,267,62,439,274,98,528,442,612,574,375,625,416,271,63,279,268,117,393,530,415,417,56,392,290,377,47,73,131,348,384,386,449,93,284,499,49,496,523,106,525"
A34-18,"618,279,274,447,393,62,63,271,440,417,439,372,442,56,117,437,416,496,268,214,528"
A34-20,"447,440,62,442,274,372,530,618,393,63,496,93,416,271,386,49,417,413,392,415,622,612,439,528,263,279,73,183,384"
A34-21,"271,447,416,439,117,440,27,63,415,531,618,393,268,375,496,612,267,62,51,530,279,554,528,265,427,372,276,442,555,290,56"
A34-22,"618,63,528,447,93,62,530,392,543,440,442,56,496,271,372,274,346,439,393,377,531,554,483,542,386,525,282,384,555,69,482"
A34-23,"618,386,447,530,62,372,439,274,393,183,440,612,384,93,531,626,622,415,416,625,279,392,413,442,282,496,437,528,56,63,49,333,351,592,51,525,73,271,60,523,98,294,524,346,267,377,290,594,417,418"
A34-24,"618,129,279,447,178,439,131,271,98,393,267,274,63,372,528,442,625,415,416,47,49,392,612,169,117,27,440,384,355,530,525,51,496,102,611,170,524,56,290,62,93,263,413,333,417,268,265,523,73,449,346,418,592,99"
A34-25,"496,541,415,440,392,447,63,618,377,498,393,442,62,98,530,528,268,271,117,169,518,129,178,301,174,142,384,416,49,625,499,346,372,490,612,413,47,93,73,474,267,525,620,177,449,56,290,274,437,371,66,182,102,348,610,60,265,483,333,170,27,294,555,306,439,632,460,611,542,482"
A34-26,"618,498,63,447,499,346,442,500,93,416,496,392,268,449,377,372,439,348,415,445,47,271,440,62,333,531,73,294,530,306,267,274,307,625,384,85,555,60,359,66"
A34-27,"73,416,530,62,384,440,447,413,618,63,372,271,622,129,439,442,418,612,392,483,98,386,87,219,282,274,528,496,102,51,415,525,93,279,348,370,99,290,482"
A34-31,"447,63,618,56,440,392,66,496,500,346,502,499,377,498,449,453,384,417,47,69,442,372,439,291,416,613,530,415,418,531,348,555,274,306,93,393,294"
A34-32,"440,618,271,62,63,530,372,416,447,73,279,439,386,98,625,415,102,612,274,333,392,377,170,282,449,528,413,496,417,267,306,265,268,611,290,93,384,56,499,117,219,525"
A34-33,"618,62,93,375,447,63,440,530,346,439,56,531,496,416"
A34-34,"447,63,440,392,496,618,372,384,530,62,449,439"
A34-35,"98,169,618,440,63,415,384,416,439,447,417,274,62,73,530,442,437,271,392,267,622,612,528,102,483,372,131,279,117,496,499,129,222,625,178,333,93,525,482"
A34-38,"447,618,439,62,612,496,63,499,392,377,416,73,418,384,490,393,372,531,66,415,346,440,530,182,102,93,527,453,370,359,474,306,348,47,510,523,274,444,271,445,449,442,542,282,532,414,294,502,694,69,610,609,625,592,386,525,307,555,528,169,689"
A34-39,"439,449,447,271,98,618,496,63,498,346,47,377,392,499,62,416,442,530,500,415,440,348,372,294,93,502,66,51,445,384,274,306,267,371,525,56,282,437,69"
A34-40,"63,447,618,440,62,439,496,384,346,348,392,306,274,377,282,87,279,528,442,271,551,93,625,530,56,542,555,531,554,592,268,393,548"
A34-41,"618,447,416,439,63,56,62,496,440,393,392,372,414,625,282,274,612"
A34-42,"447,530,618,56,439,63,496,384,442,518,625,60,93,62,528,87,392,440,594,307,393,294,274"
A34-43,"271,274,440,279,447,98,62,267,276,372,56,333,618,93,415,442,496,183,301,416,117,612,530,268,393,265,625,413,63,439,392,290,49,437,384,169,294,102,178,525,386,622,626,73,523,528,170,527,51,317,526,47"
A34-44,"618,63,62,439,447,440,416,372,612,375,56,496,392,442,271,279,274,282,446,377,415,393,417,265,555,346,531,414,333,386,267,449,311,530,64,348,625,306,98"
A34-45,"63,618,496,447,377,530,346,625,279,274,415,372,612,440,392,384,93,442,416,439,271,62,504,333,98,449,56,348,499,543,542,518,265,393,528,267,524,526,554,25,483,620,268,525,437,282,482"
A34-47,"47,346,447,496,93,499,392,372,63,384,282,98,348,413,618,274,267,442,530,271,377,309,62,502,555,498,56,449,279,440,415,306,418,612,102,169,528,620,416,393,542,265"
A34-48,"618,63,62,440,384,612,274,447,413,530,528,377,372,271,98,416,178,393,73,622,625,131,126,439,268,442,525,542,282,392,102,183,169,524,632,496,518,56,694,531,620,49,279,523,526,437,93,370,417,290,613"
A34-49,"392,618,62,442,63,447,496,372,500,47,69,346,377,93,530,449,66,502,348,499,498,306,445,384,543,73,416,440,611,129,170,312,182,620,612,271,98,415,575,291,525,274,371,294,102,333,369,592,542,357,555,85,625,282,60,483,594,87,359,309,532,474,622,169,510,437,482"
A34-50,"447,271,62,372,618,98,439,416,49,442,63,47,594,129,530,440,73,392,377,274,524,131,612,496,56,132,620,384,51,333,592,528,626,117,386,163,26,267,27,174"
A34-51,"271,393,93,62,618,447,267,392,415,63,372,530,416,51,440,528,274,390,268,496,612,282,279,439,531,377,98,554"
A34-61,"393,63,618,447,530,93,392,496,555,282,56,333,377,439,416,384,62,413,442,440,612,271,528,622,98,474,279,274,307,346,348,306"
A34-62,"447,440,618,496,372,370,392,530,449,63,346,416,93,279,267,271,333,268,98,261,132,47,348,377,499,183,442,439,384,263,612,554,548"
A34-63,"618,267,98,265,63,392,530,93,447,258,271,102,73,290,351,56,62,354,416,384,279,117,183,528,182,375,440,333,694"
A34-64,"530,447,618,392,346,62,63,294,499,372,415,440,416,271,73,442,525,498,377,93,348,460,375,496,182,500,66,612,449,502,69"
A34-65,"63,62,447,528,102,618,496,518,169,348,416,525,279,271,530,98,372,440,276,267,384,439,554,612,392,620,622,415,531,56"
A35-01,"440,496,442,63,499,501,447,416,449,618,62,375,306,346,47,415,611,294,490,60,372,392,377,309,271,333,56,85,502,530,282,498,439,612,182,413,348,391,500,445,620,98,414,369,371,66,307,274,384"
A35-02,"442,372,392,449,447,618,346,274,415,129,63,612,622,501,498,377,47,445,502,499,496,85,62,416,384,69,294,271,490,611,93,500,483,620,371,530,474,543,625,440,348,542,439,282,289,482"
A35-03,"618,442,530,416,384,62,63,372,447,496,490,445,612,415,439,271,178,386,417,449,622,392,440,377,182,73,56,523,274,625,279,499,594,306,498,528,268,348,282,611,129,333,102,66,542,265,620,346,483,592,531,93,437,47,418,60,98,669,290,301,267,174,257,183,525,555,482"
A35-04,"63,416,346,496,611,279,442,377,85,447,62,449,440,392,502,618,372,274,530,620,271,612,437,499,267,169,333,439,445,415,93,498,625,474,60,47,371,490,384,306,543,500,501,348,294,622,414,98,178,301,24,386,66,312,102,542,669,632,555,531,291,183,117,592,594,73,375"
A35-05,"530,442,502,93,499,372,85,449,447,63,498,346,392,669,415,416,377,496,543,618,62,612,60,439,274,500,282,47,440,594,445,414,306,384,73,490,474,505,611,501,369,348,375,371,620,542,69,453,271,66,357,294,102,279,301,359,625,555,309,546"
A35-06,"274,416,530,417,618,178,271,622,439,63,62,447,263,440,611,612,496,386,279,117,163,131,384,413,372,73,415,49,437,98,442,265,93,268,528,392,183,56,289,129,132,182,60,625,121,106,449,377,525,102,267,290,523,306,126,418,351,592,371,85,333,66"
A35-07,"440,618,274,169,271,620,62,93,415,447,56,442,63,85,417,439,530,625,279,531,392,484,372"
A35-08,"63,416,93,449,447,47,530,377,499,346,445,542,392,490,611,62,612,372,294,502,375,415,440,618,501,348,384,102,66,271,592,333,274,282,496,306,498,625"
A35-09,"502,63,496,369,447,501,449,392,444,346,620,625,440,47,348,594,271,618,377,445,375,498,499,542,93,611,612,572,169,372,589,306,294,126"
A35-10,"447,62,618,439,449,372,530,346,47,496,271,589,333,63,294,348,442,377,56,93,445,440,625,392,500,543,375,502,384,498,416,542,415,66,501,414,499,369,274,69,169"
A35-12,"439,62,618,274,416,271,279,60,447,496,612,415,351,528,611,440,530,372,56,386,63,98,384,131,620,284,106,355,290"
A35-13,"618,447,415,439,56,62,271,63,496,416,612,274,279,392,440,73,372,87,106,530,60,98,377,620,131,384,386,526,442,263"
A35-15,"498,502,499,449,369,500,348,359,93,604,496,375,47,377,346,447,445,60,440,483,271,371,69,542,442,510,501,306,611,294,291,282,85,392,357,309,620,505,481,572,605,43,561,57,543,301,474,325,312,576,372,63,638,296,66,555,482"
A35-16,"447,449,498,416,392,618,62,129,499,377,415,63,346,496,282,372,321,294,271,98,439,279,348,268,274,102,611,442,690,620,622,437,612,333,440,530,301,483,117,56,85,384,375,47,413,93,126,625,169,73,265,66,445,555,474,369,418,502,24,490,261,291,267,417,60,87,518,523,306,501,289,500,482"
A35-17,"447,346,618,282,449,377,439,294,496,501,499,375,348,392,498,415,445,47,69"
A35-18,"531,445,372,447,346,333,618,62,282,496,439,449,392,56,530,377,498,271,384,440,306,499,620,348,63,502,611,442"
A35-19,"447,392,449,63,346,377,496,499,369,498,501,690,47,294,375,502,372,415,594,625,618,62,348,500,66,359,439,442,555,282,531,357,85,530,301,445,611,93,440,306,271,576,543,50,453,56,69,604,274,474,416,612,620,371"
A35-22,"618,62,447,93,372,268,496,63,271,56,412,416,392,613,612"
A36-01,"449,392,346,576,499,440,375,498,69,481,594,502,447,442,505,445,444,93,169,359,294,377,496,306,371,92,271,47,611,572,66,625,333,500,501,348,369,414,85,589,620,604,291,439,483,282,510,43,312,561,484,384,399,278,416,325,592,415,63,555,372,267,474,482"
A36-02,"73,442,63,357,618,377,498,502,47,346,85,499,93,500,447,501,449,440,392,445,375,371,60,384,62,496,612,611,620,271,474,372,306,439,301,669,415,414,530,348,294,453,625,274,102,505,359,56,483,542,282,66,555,482"
A36-03,"415,63,447,496,618,449,372,346,47,386,377,62,416,498,98,530,392,440,442,83,439,182,499,73,279,612,274,271,501,93,261,531,102,500,370,384,282,60,371,306,169,87,265,85,437,66,43,413,294,474,69,348,438,505,56,528,525,17,483,414,375,333,417,543,301,555,502,620,542,445,418,482"
A36-04,"63,442,447,531,439,372,392,498,85,62,618,93,377,499,346,612,496,371,440,47,501,449,348,375,415,530,384,306,294,271,555,416,445,500,56,502,611,274,60,505,66,481,613,73,625,576,267,359,525,427,528,554"
A36-05,"618,447,498,499,62,49,416,440,413,346,625,415,47,620,377,612,439,502,372,306,271,449,392,505,490,530,294,384,268,442,348,63,386,500,496,182,371,474,445,93,483,73,85,417,274,369,611,66,542,594,575,453,87,375,56,105,622,265,279,69,333,170,267,321,555,183,543,117,282,60,291,357,370,418,98,309,531,528,290,525,359,669,301,482"
A36-09,"62,530,618,447,274,290,98,415,416,372,496,271,56,279,85,528,592,449,63,132,442,47,525,440,348,377,612,392,439,312,117,49,183,163"
A36-10,"346,447,445,372,63,502,496,355,618,449,416,415,47,439,392,62,499,377,102,500,93,271,530,442,620"
A36-14,"346,392,449,447,377,502,499,62,47,500,63,371,496,69,501,372,439,618,416,612,442,274,271,445,386,327,294,331,528,66,85,440,415,102,98,359,333,267,375,498,282,126,169,309,625,279,43,555,348,508,290,622,129,505,531,73"
A36-15,"447,346,375,372,439,499,530,47,392,377,348,63,271,691,62,543,542,618,449,92,69,93,444,371,442,384,87,500,357,611,274,445,502,440,498,85,551,359,369,415,416,496,481,66,306,531,501,294,56,309,555,325,105,393,525,370"
A36-16,"447,499,346,377,375,392,449,348,496,63,500,502,47,501,445,498,440,369,294,359,309,69,618,442,371,611,62,372,279,384,530,85,505,66,414,282,73,271,555,357,483,93,510,60,274,306,482"
A36-17,"63,93,442,440,377,447,617,392,348,69,372,271,346,449,371,312,56,543,439,483,592,416,505,413,496,499,434,444,611,415,62,620,575,530,612,73,618,274,24,66,375,47,268,500,498,384,370,325,604,92,102,474,460,129,267,315,625,309,60,417,306,445,182,453,294,551,501,282,279,525,594,289,669,183,555,301,482"
A36-18,"372,447,290,282,370,618,442,496,377,47,63,348,346,449,439,392,555,62,416,440,73,384,386,527,499,625,375,69,474,49,306,66,274"
A37-01,"294,359,572,278,499,440,449,271,594,498,625,502,589,501,392,377,346,348,399,500,445,496,611,481,510,618,369,620,474,47,447,63,309,306,66,375,93,530,333,483,129,444,372,442,69,274,438,437,416,291,87,505,414,169,296,384,325,415,268,282,43,604,482"
A37-02,"449,447,618,63,392,346,499,496,442,377,439,271,440,62,530,416,415,611,359,612,321,372,531,93,69,306,625,384,620,129,274,47,56,294,375,73,445,371,613,301,505,498,501,333,493,282,317,348,500,386,267,622,85,484,66,102,542,92,169,87,543,296,291,555,60,309"
A37-03,"618,611,442,612,415,62,474,63,392,73,530,447,348,496,174,377,416,445,499,363,498,47,346,439,440,500,85,437,490,449,372,386,271,102,625,622,620,282,274,93,483,542,301,384,82,92,291,351,267,438,528,69,306,575,505,268,276,129,370,294,279,525,510,309,66,555,482"
A37-04,"439,372,102,98,447,416,62,530,271,618,63,437,415,274,440,449,384,442,496,612,392,417,622,377,263,261,282,279,669,528,56,60,129,620,418,69,93,611,333,346,348,594,306,73,268,178,117,169,555,121,414,526,359,525"
A37-05,"271,442,618,377,346,371,375,447,357,348,449,500,392,499,440,496,93,359,294,384,530,333,301,47,620,63,69,445,501,85,62,372,498,505,502,611,306,66,291,481,43,542,612,510,170,278,369,483,625,73,482"
A37-07,"447,377,346,498,449,499,306,442,294,47,502,500,372,392,440,85,359,63,274,496,93,618,62,348,612,530,611,69,510,505,384,501,271,555,375,66,73,445,279"
A37-08,"530,346,447,440,499,372,449,377,56,62,371,47,442,63,618,501,445,481,498,620,622,375,392,294,611,93,510,306,500,274,359,496,69,348,66,85,60,384,301,502,291,290,555,70,369,271,333,296,415,357,505,625"
A37-09,"442,620,62,271,618,449,372,447,530,63,274,392,496,384,346,542,291,375,440,611,445,499,505,333,625,93,377,294,612,306,416,348,371,500,98,268,102,439,415,47,531,528,92,355,66,498,359,594,526"
A37-10,"413,447,618,372,62,440,622,183,333,416,384,63,439,530,594,98,279,274,613,611,612,271,121,129,24,49,268,170,177"
A37-11,"375,346,377,69,371,442,447,449,392,294,499,268,271,265,98,384,174,333,440,618,530,306,372,496,359,62,416,612,47,274,500,501,445,348,56,279,505,483,178,63,439,622,289,542,60,102,498,73,482"
A38-01,"510,449,377,499,348,445,505,500,375,47,359,440,346,502,66,85,392,625,447,611,496,271,278,333,69,572,294,43,481,371,306,493,442"
A39-01,"312,399,625,445,505,498,346,47,442,93,449,447,500,502,499,594,392,440,377,496,359,543,66,439,294,271,572,416,508,384,541,546,542,375,63,371,348,60,391,632,611,369,85,501,306,282,620,366,474,370,510,576,169,291,105,57,43,493,309,69,129,437,532,604,413,530,372,592,555,561,325,393,612,415"
A39-02,"271,62,440,618,279,530,437,416,622,442,126,372,93,129,496,447,73,267,263,261,117,219,178,174,386,384,620,169,528,625,265,439,56,274,413,333,63"
A39-03,"413,62,386,447,63,372,268,271,618,531,274,440,98,377,73,416,263,622,528,442,530,384,279,496,282,267,333,312,439,102,265"
A39-04,"372,62,618,56,93,415,439,528,440,346,449,271,63,625,384,530,447,416,496,499,274,442,47,377,268,392,282,612,73,445,267,102,279,348,523"
A39-07,"496,618,93,530,63,440,447,416,442,384,346,294,372,348,612,392,449,62,439,312,377,73,415,499,625,282,271,47,371,274,69"
A39-08,"496,346,505,502,499,449,392,611,447,594,439,445,440,618,442,617,312,632,384,592,542,399,47,93,60,56,620,69,548,530,500,498,391,63,348,572,625"
A39-10,"346,449,375,377,369,499,555,611,500,445,501,440,496,442,312,392,66,359,447,294,69,530,439,550,85,63,274,618"
A40-01,"447,62,271,274,384,377,63,499,102,73,530,440,261,618,620,333,415,416,542,98,496,170,612,439,372,392,348,442,449,611,265,625,575,483,129,169,418,93,279,268,427,182,474,87,282,290,386,312,482"
A40-02,"440,263,618,62,439,416,415,496,413,274,417,63,377,447,102,73,474,384,279,183,372,530,442,612,129,182,625,93,437,669,634,622,620,106,542,632,575,178,611,392,333,610,418,282,499,449,69,271,98,170,483,294,56,290,312,525,528,482"
A40-03,"542,372,440,415,447,618,413,377,66,62,274,93,73,392,384,63,496,530,416,612,47,449,505,102,183,439,442,445,499,611,69,346,333,375,490,417,412,182,594,129,51,348,414,474,620,87,437,371,271,625,575,169,170,418,56,399,306"
A40-04,"47,377,346,502,501,392,449,445,499,440,442,618,447,63,530,500,93,594,384,312,294,505,496,625,372,348,85,66,371,333,69"
A40-05,"440,447,499,518,62,442,279,56,63,384,439,618,530,437,416,271,98,528,102,73,267,483,333,620,169,612,274,525,93,610,265,415,392,496,117,219,268,372,174,170,263,622,542,306,24,449,66,218,312,482"
A40-06,"439,447,417,62,271,63,618,56,528,437,73,98,530,102,92,279,384,440,93,274,612,669,372,392,525,290,416,610,415,499,261,131,129,183,427,24,169,442,267,496,622,438,282,575,377,263,265,333,611"
A40-09,"279,271,415,62,437,618,440,447,611,496,51,98,530,102,263,257,442,93,267,384,265,214,612,594,63,274,392,524,499,393,174,268"
A40-10,"98,416,618,440,417,271,268,447,63,62,620,530,279,439,257,102,613,622,169,174,612,131,437,415,442,263,274,418,384,261,496,528,610"
A40-11,"416,62,117,279,271,447,98,439,261,51,440,268,530,618,267,63,265,174,531,169,21,333,613,121,152,289,620,163,129,384,496,47,126,417,148,178,288,528,612,415,179,26,442,257,127,263,99,274,392,524,284,196,592,427,177"
A40-12,"265,267,618,271,279,440,530,528,415,416,442,496,62,613,447,63,622,98,51,174,121,126,117,384,274,129,268,102,372,266,417,437,386,439,178,169,483,99,132,333,270,278,127,183,211,612,284,474,392,482"
A40-14,"416,98,447,271,530,63,618,439,73,102,415,384,442,333,274,279,267,417,440,449,282,62,372,613,496,106,265,261,289,377,526,611,392,263,309,413,163,174,170,612,386,625,620,306,268"
A40-15,"439,346,447,63,618,449,56,440,530,384,496,377,47,371,499,93,372,62,73,392,474,348,505,445,70,333,169,274,98,178,271,309,66,369,413,442,417,182,183,370,611,415,276,416,307,542,483,575,500,357,102,510,294,69,620,312,453,301,351,306,525,282,612,263,105,291,265,632,386,60,268,555,482"
A40-16,"56,392,384,447,439,449,505,530,442,618,70,62,372,620,474,346,496,47,415,440,183,371,377,309,63,348,93,370,69,612,428,499,306,368,282,445,611,542,483,373,274,416,73,312,453,543,576,291,525,66,528,294,500,413,625,482"
A40-17,"499,447,69,346,392,449,369,500,348,377,47,294,439,309,63,505,502,306,498,576,371,496,506,359,43,93,62,372,572,312,399"
A40-18,"447,63,530,449,348,62,73,618,496,377,415,372,392,384,416,440,290,271,98,418,439,92,274,102,263,505,445,612,499,282,93,294,333,434,261,413,370,386,371"
A41-01,"377,274,440,449,63,62,392,47,346,73,370,372,268,496,505,499,446,384,618,530,413,542,416,439,625,93,102,484,594,612,498,351,169,271,182,276,524,56,528,301,267,417,294,610,183,483,282,129,482"
A41-02,"446,102,413,62,618,372,183,449,530,274,73,499,505,63,440,439,47,392,301,377,416,384,346,294,306,307,60,98,442,612,524,542,351,93,496,182,484,355,594,268,279,290,92,528,82,417,129,370,363,85,276"
B06-01,"498,502,449,481,511,93,501,369,510,561,47,79,346,85,389,399,294,493,508,572,43,500,576,406,359,499,644,392,348,306,594,60,375,486,444,325,350,404,605,57,296,309,295,69,291,496,394,589"
B06-06,"493,498,484,348,406,510,511,317,515,389,561,486,576,325,436,79,481,359,500,291,350,566,402,399,499,434,93,502,508,572,346,57,48,501,294,506,349,550"
B06-07,"436,510,481,493,576,566,511,406,43,47,57,434,50,389,79,498,502,561,484,572,399,605,85,499,515,489,509,486,584,349,449,587,294,402,550,516,500,501,309,306,73,359,348,394,578,444,408,325,508,48,392,592,291,506,579,514,485,369,375,483,404,350,296,482"
B10-01,"359,576,511,506,510,79,346,561,486,406,408,502,538,481,348,493,508,399,515,92,584,43,93,572,389,589,574,444,498,637,392,605,404,543,349,436,509,532,501,309,550,47,394,325,69,50,350,500,369,391,57,328,85,644,89"
B10-02,"160,511,510,408,566,576,493,406,486,561,389,79,579,485,481,436,578,43,515,502,605,57,399,498,508,506,92,294,584,93,589,306,348,309,501,500,392,402,47,325,346,572,349,69,644,359,89,320,350,48,50,85,538,327,541"
B10-03,"510,605,561,493,508,346,498,576,481,511,85,645,369,484,359,572,294,47,500,499,406,392,501,449,502,399,79,69,57,60,604,486,389,612,50,43,408,445,515,325,644,550"
B10-06,"618,498,439,445,444,484,511,294,447,499,449,414,481,510,493,576,496,346,404,502,408,359,369,79,500"
B10-07,"408,561,493,498,399,576,510,43,346,449,502,499,484,369,644,500,511,486,359,481,496,377,550,501,605,47,589,572,574,517,294,79"
B10-08,"79,561,449,500,510,43,346,576,511,550,493,498,47,502,359,499,644,414,392,406,369,486,481,515,508,408,69,501,605,445"
B10-09,"508,511,510,493,85,502,576,500,43,79,498,346,408,399,406,359,481,69,47,515,501,449,392"
B10-13,"493,481,605,511,486,406,369,399,47,43,502,510,498,359,346,85,576,79,550,484,561,501,644,515,500,449,408,392,69,572,574,669,389,611"
B10-14,"510,493,605,512,481,584,576,511,486,43,346,550,644,572,498,561,79,359,408,406,489,369,436,502,325,85,350,515,89"
B11-01,"510,511,399,561,493,498,481,576,389,490,436,359,500,93,348,502,47,486,605,406,79,346,43,294,501,515,449,369,69,392,408,296,484,508,589,572,550,349,444,89,92,434,306,499,644,350,325,309,584,375,574,485,645,516,496,604"
B12-02,"500,449,498,501,481,359,502,493,60,510,391,399,43,85,572,369,375,511,408,414,484,79,294,348,346,306,47,576,499,496,611"
B13-01,"485,493,578,406,509,566,605,579,82,399,511,514,434,436,489,484,491,502,642,394,57,510,515,644,512,561,498,402,486,499,645,408,669,481,576,550,389,584"
B13-02,"511,498,510,489,484,82,493,406,404,508,605,399,389,348,434,436,509,566,512,486,579,69,485,642,576,584,561,491,57,481,402,514,500,578,499,502,93,408,515,291,506,359,325,294,644,394,48,550,309,594,43"
B13-03,"493,484,566,481,561,496,511,82,408,434,510,389,436,576,350,515,348,489,498,47,399,584,346,550,394,486,644,605,406,485,642,512,509,502,572,43,359,500,404,349,508,645,85,501,499,506,449,369,294,309,57,589,402,50,325,296,79,291,456"
B13-04,"510,399,576,605,493,561,511,481,498,350,406,69,346,486,79,43,484,500,359,408,499"
B14-01,"618,325,493,399,511,498,484,510,572,47,576,589,486,406,359,515,15,79,625,481,561,496,620,447,434,502,490,350,389,349,550,436,514,644,517,499,294,414,445,306,408,375,348,60,309,43,274,69,617,669,483,449,57,346,501,482"
B14-02,"584,484,511,359,406,502,493,481,576,498,561,510,414,447,389,47,294,499,79,82,490,402,63,550,348,515,496,85,399,408,625,434,485,532,543,645,271,306,669,60,508,486,589,444,93,392,43,449,350,309,394,572,325,349,605,633,509,369"
B14-03,"359,502,493,496,406,511,576,481,79,498,589,449,486,348,47,294,484,444,510,447,625,325,572,389,82,515,350,561,56,15,550,399,485,644,349,306,517,499,618,440,669,392,93,543,60,391,439,291,532,372,369,346,605"
B14-04,"511,493,402,584,481,517,502,436,510,486,359,576,605,406,572,515,408,348,514,369,79,484,561,498,434,350,550,389,509,644,508,566,63,392,399,43,85,489,645,512,499,579,394,325,306,485,543,546,589,48,309,50,542,532,349,346,93,501,642,57,328"
B14-09,"510,484,498,511,493,485,406,408,389"
B16-01,"359,481,493,486,498,511,444,406,85,436,576,502,510,309,402,605,399,43,561,508,584,346,644,515,389,79,408,349,294,645,514,369,550,404,57,375,566,325,579,500,509,92,501,93,306,512,296,434,48,572,589,574,50"
B16-02,"498,566,406,511,484,509,493,486,561,434,85,402,579,642,485,359,550,394,436,349,576,399,510,481,444,515,605,572,389,644,309,79,489,82,584,276,377,542,57,514,645,502,669,625,512,60,88,404"
B21-01,"434,493,561,498,485,511,320,399,501,550,579,406,510,566,486,359,57,532,69,502,321,294,348,572,509,644,481,402,605,93,574,517,512,589,389,43,576,436,500,484,645,515,584,325,444,408,48,508,642,79,346,350,85"
B22-01,"499,43,500,321,501,566,346,320,449,69,57,47,498,493,348,502,294,366,50,295,359,328,399,406,93"
B28-01,"375,502,346,576,561,481,510,511,359,500,572,493,79,498,406,348,389,85,449,501,43,499,508,47,515,579,611,69,644,512,589,605,486,350,651,408,592,542,399,474,294,369,50,506,325,584,93,349,56,291,392,309,377,604,296"
B28-04,"589,517,271,359,414,444,572,481,57,576,346,500,493,502,60,501,47,512,63,499,505,449,375,498,561,392,348,486,484,406,445,399,611,496,306,69,511,453,267,447,377,369,85,43,363,440,508,632,404,93,274,79,278,282,279"
B28-06,"498,47,510,576,43,493,294,486,350,485,346,511,509,481,436,500,389,566,79,605,642,66,512,561,515,406,502,434,506,349,60,369"
B29-02,"561,510,511,444,617,359,498,500,486,576,47,445,481,574,493,501,496,625,43,572,550,589,502,406,605,60,618,415,294,447,346,499,69,416,508,408,436,484,79,644,414,63,392,291,440,309,449,611,85,399,306,296,377,317,375,505,594"
B30-01,"93,510,439,92,89,502,60,399,43,486,498,406,481,511,605,493,394,561,584,512,576,359,515,69,500,436,389,484,550,57,644,79,346,506,499,349,408,566,618,447,47,575,440,490,416,414,444,625,508,617,392,294,325,572,296,445,496,538,501,485,449,350,533"
B30-02,"391,282,496,63,85,47,511,510,500,499,440,449,618,620,346,375,447,501,576,399,392,498,377,589,505,572,359,93,493,502,611,414,481,625,445,294,369,348,406,79,508,486,43,69,532,543,632,612,384,490,278,325,271,404,453,416,57,306,66,295,350"
B30-04,"576,644,406,605,484,498,493,510,561,481,499,511,359,47,512,515,408,550,566,436,43,389,502,632,486,579,642,57,584,306,85,500,346,325,79,501,69,572,508,350,60,349,538,574,296,485,509,651,93,50,309,645,532,160,82,294,267,444,434,392,348,399"
B30-07,"498,440,493,511,447,47,510,359,505,500,346,449,484,499,63,481,416,576,445,502,561,377,414,375,43,496,501,486,399,392,69,60,369,415,625,50,348,490,508,291,406,296,372,79,294,309,611,644,620,444,389,618,515,572,541,408,589"
B30-08,"408,500,498,406,369,561,359,589,502,449,493,481,399,572,391,349,515,294,510,346,501,496,62,576,508,392,50,486,532,43,625,47,484,485,93,79,389,404"
B32-01,"511,486,493,489,498,485,510,579,349,500,566,578,509,576,434,436,406,605,561,481,399,57,550,502,484,516,402,325,514,642,79,309,515,43,512,346,48,644,408,669,92,350,69,359,444,394,389,491,501,645,296,584,294,572,369"
B32-02,"399,444,346,510,85,576,502,481,561,500,493,375,511,47,445,498,499,501,377,294,43,484,406,496,486,589,625,508,359,348,306,644,584,645,434,442,592,291,449,572,69,325,79,93,309,440,408,296,60,447,57,605,92,389,392,357"
B32-03,"493,399,69,499,500,498,511,501,486,43,346,359,510,434,348,444,47,508,589,561,576,375,406,60,408,85,481,325,350,57,515,605,550,502,294,79,296,436,625,644,512,496,449,447,377,369,309,572"
B32-04,"508,92,406,434,484,511,500,493,498,444,346,85,69,499,510,481,486,399,43,561,349,566,502,576,389,57,294,375,309,408,436,605,509,501,512,483,359,489,306,296,93,348,47,496,579,50,449,584,550,482"
B32-05,"85,498,377,346,499,447,496,47,449,63,500,501,502,282,576,511,484,481,294,43,445,572,510,375,348,392,618,625,325,493"
B32-10,"510,584,486,511,493,60,550,79,282,406,498,43,500,501,481,576,346,348,496,69,644,499,484,561,605,502,436,359,57,508,294,589,408,515,389,512,309,349,566,434,464,440,320,442,306,538,399,533,325,375,47,572,449,543,532,445,63,625,50"
B32-11,"296,574,589,500,436,510,511,493,481,498,605,566,576,57,348,584,515,508,389,434,512,502,359,69,484,346,486,406,485,561,93,408,501,43,79,306,444,644,499,47,572,538,533,532,550,489,294,325,372,645,85,349,399,375,350,496,301,291,92,89,50"
B33-01,"499,440,449,434,510,47,346,392,625,447,445,56,511,481,306,399,294,493,572,93,501,605,377,69,92,73,498,561,85,63,500,502,406,484,62,415,309,348,60,496,359,439,82,612,416,417"
B33-02,"500,501,498,572,481,502,449,43,511,508,499,348,294,493,346,375,47,576,359,377,414,392,611,406,445,369,496,69,63,592,625,532,50,510,447"
B35-01,"510,60,486,576,511,498,644,481,589,500,47,375,496,69,499,501,502,79,348,508,389,620,85,92,414,445,611,612,572,440,333,294,449,442,63,93,377,447,346,618,57,561,43,493,62,359,325,439,66,406,306,515,517,296,605,50,282,392,384,632,538,291,372,550,399"
B37-01,"498,515,605,481,493,359,408,510,508,500,576,511,348,584,502,406,484,349,389,436,490,48,486,69,499,43,79,561,550,402,574,404,369,346,572,399,306,375,566,50,327,538,57,542,589,93,325,485,350,85,320,294,444,291"
B37-02,"485,579,509,566,493,486,489,402,561,511,399,436,434,578,498,576,642,57,502,515,491,85,490,481,48,394,645,514,550,510,406,644,359,620,512,294,605,444,349,572,43,346,325,350,589"
B38-01,"502,346,481,500,498,510,499,576,375,369,501,377,359,449,43,348,371,572,325,561,69,93,47,389,392,486,408,294,85,350,92,309,550,508,282,57,50,391,271,496,493,442,296,306,543,66,79,611"
B38-02,"510,348,60,576,445,500,47,493,346,449,406,502,399,481,498,43,508,515,496,377,79,501,294,484,369,511,359,486,392,561,375,605,440,66,499,389,506,408,391"
B38-03,"346,669,79,644,576,389,406,510,498,484,60,399,511,502,481,493,605,349,561,486,359,434,566,485,509,350,375,508,512,550,515,308,579,291"
B38-04,"93,511,444,509,574,406,493,436,589,399,349,502,489,566,85,481,579,510,576,498,561,486,550,92,394,577,512,309,308,57,572,514,417,402,485,359"
B38-07,"510,346,43,498,500,493,481,406,499,561,511,605,572,508,502,325,350,576,408,515,349,359,501,57,512,486,69,50,389,294,506,375,348,566,79,436,440,538,366,644,306,369"
B38-08,"359,502,389,499,346,498,510,481,449,511,576,501,493,508,500,350,69,496,47,348,572,486,325,644,43,309,408,561,294,406,377,414,515,444,369,512,93,445,79,392,85,440,611,505,306"
B39-01,"447,445,440,346,500,47,617,505,594,496,359,93,449,493,511,43,499,406,439,481,501,484,69,510,498,576,408,502,294,312,392,572,321,320,574,589,399,442,306"
C14-01,"485,434,491,406,402,509,493,484,579,516,389,394,85,514,489,512,399,444,642,645,578,350,416,92,349,550,566,436,291,515,533,306,644,561,328,486"
C14-02,"514,434,485,579,516,406,509,510,402,566,394,642,489,399,493,645,444,578,85,389,491,57,498,644,515,369,350,349,79"
C14-03,"402,485,579,516,509,642,514,399,614,645,349,578,434,489,550,394,515,493,453,85,389,572,350,533,369"
C14-04,"511,481,486,576,484,493,79,359,515,644,406,60,498,510,402,85,561,399,645,605,436,444,349,348,579,584,509,485,550,642,514,434,389,572,489,512,92,43,394,57,566,516,625,408,350,440,502,490,501,375,327,538"
C16-01,"493,576,85,509,498,511,561,406,514,566,436,578,359,402,434,579,481,515,486,485,502,642,399,512,508,389,489,644,572,500,48,394,43,349,584,350,325,645,550,57,484,605"
C28-01,"561,642,485,493,406,402,579,514,566,511,510,509,645,489,498,85,48,502,436,576,394,349,481,644,399,434,486,404,346,512,57,79,578,43,350"
C30-01,"578,434,485,645,509,85,514,402,489,516,642,579,576,349,511,644,57,394,350,399,614,493,444,491,566"
C30-02,"434,509,579,514,485,350,489,491,516,493,399,550,642,645,578,394,614,85,402,566,515,572,511,453,349,512,474,436,69,82"
C30-03,"493,509,485,85,515,402,642,434,566,436,579,576,498,572,578,399,514,491,511,489,57,510,645,502,394,512,355,43,486,350,406,561,550,644,328,481,69,60,516,508,484,584,389"
C30-04,"434,509,493,489,485,579,642,514,645,578,516,399,566,85,498,394,436,402,350,491,502,576,515,511,43,325,550,561,486"
C37-01,"578,509,485,489,434,493,579,514,394,642,516,498,486,436,511,500,491,566,79,510,402,85,645,550,515,399,481,499,605,572,57,502,350,444,512,43,561,483,349,406,482"
C37-02,"514,516,578,566,489,509,402,491,579,493,515,485,642,85,394,645,399,328,444,512,510,349,550,572,434,533,436,605,350,57"
C37-03,"514,402,578,489,399,485,509,516,579,642,645,614,85,394,533,493"
C37-04,"509,514,434,485,578,579,498,493,512,502,350,85,645,349,511,510,566,394,402,436,489,550,406,515,325,389,516,642,486,57,491,605,484,500,399,499,561,576,359,92,43,444,291,481,48"
C37-05,"485,57,566,509,394,489,579,645,502,493,511,642,578,491,399,434,498,486,510,514,402,85,644,436,43,605,349,512,561,406,69,48,576,481,515,359,516,325"
KIN-01,"447,531,63,62,386,625,49,72,102,415,332,439,393,669,317,626,24,351,400,60,337,595,412,523,289,372,416,56,413,618,554,267,290,460,257,98,592,76,83,274,622,527,384,524,170,333,343,276,27,504,519,417,575,299,355,639,85,216,169,93,483,537,418,163,92,133,279,44,123,482"
KIN-02,"49,531,415,447,626,289,267,24,523,537,639,625,63,575,632,265,669,592,412,386,416,257,526,102,393,439,618,460,76,372,83,622,308,62,413,276,72,343,647,85,634,279,74,345,307,438,271,441,332,548,384,496,317,136,504,206,554,337,73,133,620,274,456,483,417,453,542,400,216,119,126,56,60,482"
